frame_symbol_index,before_costas_i,before_costas_q,after_costas_i,after_costas_q
0,0.64637810,0.60228688,-0.88320976,0.02224155
1,-0.63430178,-0.57465172,0.85581672,-0.01187672
2,0.66670257,0.56790346,-0.87561572,0.01743056
3,-0.71611047,-0.59416300,0.93047881,-0.00728030
4,-0.81620735,-0.64927852,1.04294705,-0.00429367
5,0.76150757,0.55323166,-0.94099033,0.02227499
6,0.94171548,0.66605687,-1.15338933,0.01235445
7,0.84538108,0.57073039,-1.01997364,0.00749778
8,-0.77792197,-0.49789679,0.92359024,-0.00670168
9,-0.86957872,-0.53931201,1.02323747,0.00310207
10,0.79399019,0.45318115,-0.91417360,0.00895746
11,0.88599443,0.49111113,-1.01300073,-0.00240825
12,-0.76848114,-0.39505315,0.86406606,-0.00447051
13,0.81445491,0.39638326,-0.90578705,0.00250377
14,0.91384369,0.42725620,-1.00877333,-0.00587158
15,-0.79496104,-0.34018943,0.86468583,-0.00321569
16,0.84618485,0.33635777,-0.91057134,0.00501575
17,0.95840877,0.37016574,-1.02736688,-0.00935796
18,-0.86507910,-0.30538297,0.91739476,0.00275928
19,-0.97733927,-0.33002859,1.03146994,0.01344612
20,0.88066208,0.25893068,-0.91793114,0.00364650
21,1.00298083,0.28063968,-1.04147708,-0.00738031
22,-0.88098603,-0.22122207,0.90833122,0.00316585
23,-1.11359060,-0.25964096,1.14339972,0.01159432
24,-1.09277618,-0.23420143,1.11746776,0.01660799
25,-0.97114503,-0.18537848,0.98857623,0.01431951
26,0.86811918,0.12746482,-0.87741172,0.00517077
27,-0.88892543,-0.11843317,0.89676976,0.00435560
28,-1.12242031,-0.13833959,1.13072240,0.02078335
29,-1.00387597,-0.10213944,1.00888240,0.01886523
30,0.90643603,0.05559884,-0.90813953,-0.00038736
31,1.02500224,0.05426654,-1.02631378,-0.01594511
32,-0.90385383,-0.02285399,0.90409797,0.00899556
33,-1.11307812,-0.01378689,1.11294615,0.02199682
34,-0.99103200,0.01112525,0.99094534,0.01719279
35,0.84619719,-0.04165071,-0.84722102,-0.00098609
36,-0.83995712,0.05445830,0.84168828,0.00738044
37,0.88411623,-0.07456829,-0.88719088,-0.01068895
38,1.10547018,-0.10724320,-1.11039507,-0.02425456
39,1.00262010,-0.11312938,-1.00861633,-0.02717246
40,-0.87856627,0.12343554,0.88701218,0.01801110
41,-1.10580826,0.17104432,1.11852181,0.03125976
42,-1.08207560,0.19747895,1.09971392,0.02268561
43,-0.98011184,0.19564472,0.99914509,0.02460052
44,0.86864102,-0.21187022,-0.89410275,-0.00253833
45,1.07554173,-0.27105609,-1.10900068,-0.01946870
46,0.95651984,-0.26768532,-0.99319679,-0.01207440
47,-0.85007787,0.24804457,0.88530308,0.01992319
48,-0.96123260,0.27882692,0.99984688,0.04492955
49,0.79755676,-0.27044004,-0.84201503,-0.01566152
50,-0.77554154,0.28053993,0.82456738,0.01599862
51,0.77778494,-0.30586031,-0.83569527,-0.01064783
52,-0.76591957,0.31603378,0.82843471,0.01435662
53,0.77869689,-0.34267819,-0.85066634,-0.01280645
54,-0.80277818,0.36500970,0.88161331,0.02104503
55,-1.01353097,0.47692788,1.11959636,0.03476879
56,-0.90369648,0.44531921,1.00696528,0.03158480
57,0.80151391,-0.43064064,-0.90977436,-0.01365589
58,0.97939748,-0.53807366,-1.11709058,-0.02917851
59,0.86500543,-0.51103628,-1.00459433,-0.01351565
60,-0.72508305,0.46088156,0.85916036,0.00089228
61,0.72969276,-0.49030021,-0.87911224,0.00274315
62,0.83089817,-0.57204586,-1.00875008,-0.00719066
63,-0.68916339,0.50632697,0.85516500,-0.00245493
64,0.69509655,-0.54093260,-0.88074052,0.00796170
65,0.80374897,-0.63275129,-1.02290308,-0.00748521
66,-0.68178612,0.57028276,0.88884896,-0.00149107
67,-0.85635513,0.73322850,1.12733388,0.00930134
68,-0.83360785,0.75108397,1.12205839,0.00376849
69,-0.80953497,0.74623138,1.10091162,0.01420697
70,-0.71501142,0.67545480,0.98339844,0.02019834
71,0.61690938,-0.62812704,-0.88040668,-0.00220204
72,0.67932165,-0.71462768,-0.98596191,-0.00704285
73,-0.56583208,0.63086635,0.84744143,-0.00112777
74,0.57094306,-0.67311907,-0.88261986,0.00688971
75,0.71696597,-0.85710305,-1.11740983,-0.00781558
76,0.62280989,-0.77626640,-0.99520594,-0.00684207
77,-0.51438844,0.68403310,0.85585332,-0.00344698
78,0.51032388,-0.71873128,-0.88143450,0.00885648
79,0.63992715,-0.91383606,-1.11560261,-0.00580627
80,0.55539757,-0.84136039,-1.00814223,0.00173924
81,-0.44664600,0.72377789,0.85044628,-0.00939264
82,0.41680777,-0.72365397,-0.83494711,0.01634256
83,-0.41067243,0.73472548,0.84166563,-0.00850364
84,0.40633082,-0.79682422,-0.89413410,0.02361532
85,0.49879318,-1.00736320,-1.12396038,0.01698045
86,0.47705102,-1.00906587,-1.11609197,0.01142128
87,0.45314348,-1.02076852,-1.11675465,0.01290430
88,0.42768821,-1.01315999,-1.09970343,0.00790896
89,0.37339509,-0.93882960,-1.01034153,0.00589461
90,-0.32847017,0.90157843,0.95946950,-0.01242968
91,0.29900816,-0.89537281,-0.94383669,0.01645027
92,-0.28418481,0.89722323,0.94110668,-0.00942324
93,0.26767996,-0.92472786,-0.96261531,0.01207989
94,-0.26563960,0.95803064,0.99417603,-0.00110500
95,-0.32126901,1.20944142,1.25132334,0.01234257
96,-0.29141706,1.19665933,1.23157716,0.01161338
97,-0.26505753,1.19407010,1.22308123,0.01144777
98,-0.24098872,1.19842494,1.22235727,0.01186269
99,-0.21652700,1.18289220,1.20245183,0.01508671
100,-0.17314240,1.06014919,1.07410061,0.01422496
101,0.11114449,-0.92190671,-0.92854780,0.00801250
102,-0.10538669,0.93421048,0.94012040,0.00540872
103,-0.11535020,1.08784401,1.09372401,0.02186431
104,0.06567059,-0.95935726,-0.96160048,-0.00182637
105,0.06992952,-1.19622278,-1.19816291,-0.01564629
106,0.04629578,-1.19121599,-1.19201326,-0.01559391
107,0.02498226,-1.17092812,-1.17106140,-0.01765918
108,0.00338835,-1.04431307,-1.04418087,-0.01695631
109,0.02218530,0.90794122,0.90818322,0.00726158
110,-0.04582245,-0.94185191,-0.94295764,-0.00393972
111,-0.06581485,-1.17845333,-1.18010688,-0.02077196
112,-0.07940737,-1.05213261,-1.05497658,-0.01768979
113,0.08768495,0.92809981,0.93209755,0.01587931
114,0.11018472,1.04298902,1.04845500,0.02662658
115,-0.12724747,-0.91839755,-0.92711353,-0.01032166
116,-0.14429945,-1.04471433,-1.05411732,-0.03297033
117,0.14802285,0.91602552,0.92760134,0.02385767
118,0.19030374,1.13556385,1.15055585,0.04406489
119,0.18923043,0.99980736,1.01700330,0.03357269
120,-0.19588929,-0.86173683,-0.88363987,-0.01198063
121,0.20808049,0.87691337,0.90102196,0.02083124
122,0.24483663,0.99706793,1.02611136,0.03442498
123,-0.25159410,-0.88005149,-0.91523683,-0.01147278
124,-0.28755173,-0.98540056,-1.02615654,-0.02651167
125,0.26932684,0.84249651,0.88436198,0.01553320
126,-0.30091879,-0.86329013,-0.91418821,-0.00904424
127,-0.37317669,-1.08791637,-1.14949071,-0.03865340
128,-0.38935965,-1.07544792,-1.14316976,-0.03677012
129,-0.40468422,-1.05740833,-1.13170946,-0.03339831
130,-0.38117781,-0.95076406,-1.02388465,-0.03014858
131,0.35785970,0.83219290,0.90567833,0.01884917
132,0.46016496,1.03029037,1.12805390,0.02728693
133,0.48262152,1.01536775,1.12407720,0.01859137
134,0.49674523,1.00174081,1.11798620,0.01864242
135,0.46601194,0.90349263,1.01643932,0.01780975
136,-0.45086506,-0.80025631,-0.91852283,0.00228939
137,-0.56408155,-0.98340839,-1.13366187,-0.00954102
138,-0.51923418,-0.86050296,-1.00501513,-0.00375010
139,0.50373369,0.76517069,0.91595674,-0.01603529
140,0.56650525,0.84303260,1.01566613,-0.00738453
141,-0.53369254,-0.73106581,-0.90481192,0.02450293
142,-0.60241574,-0.80858231,-1.00818598,0.01646308
143,0.52758467,0.66104442,0.84539980,-0.02498985
144,-0.54225153,-0.64189160,-0.83970302,0.03098933
145,0.55285126,0.63915610,0.84476322,-0.02324087
146,-0.57222056,-0.62921351,-0.85006756,0.02704038
147,0.58028072,0.61989611,0.84884483,-0.02143164
148,-0.60025215,-0.60718131,-0.85336471,0.02721379
149,0.59351784,0.59471053,0.84010422,-0.01299400
150,-0.61442423,-0.58951873,-0.85137498,0.01449525
151,0.64321470,0.61003888,0.88649178,-0.00221995
152,0.72902572,0.67692018,0.99481642,0.00629825
153,-0.64197409,-0.54802775,-0.84395844,0.01412071
154,0.66253614,0.55067027,0.86146593,-0.00826873
155,-0.72269487,-0.57338923,-0.92245948,0.01146989
156,-0.89546102,-0.70308149,-1.13849199,-0.00311775
157,-0.80663353,-0.61279655,-1.01298702,-0.00588086
158,0.74376500,0.54072672,0.91954398,0.00325362
159,0.82842714,0.58460873,1.01389599,0.00858991
160,-0.72848934,-0.47028953,-0.86701506,0.01240408
161,0.71341032,0.44718671,0.84195673,-0.00624877
162,-0.74250752,-0.44391167,-0.86505377,0.00754708
163,0.78201079,0.45349351,0.90398759,-0.00193867
164,0.87503219,0.48991826,1.00284398,0.00224990
165,-0.76628274,-0.39472890,-0.86189783,0.01149916
166,0.77817470,0.38867295,0.86982715,-0.00483194
167,-0.83844632,-0.39428204,-0.92648470,0.00875430
168,-1.03900874,-0.48272485,-1.14565015,-0.00692285
169,-0.92851764,-0.40890774,-1.01455808,-0.00472530
170,0.85989320,0.35224652,0.92924100,-0.00224971
171,0.95007914,0.38640052,1.02553916,0.01500413
172,-0.86658609,-0.32124966,-0.92421389,-0.00125338
173,-0.96523327,-0.34553260,-1.02517140,-0.00957482
174,0.86923069,0.28882331,0.91594839,0.00440225
175,1.08513558,0.34518200,1.13864625,0.01241701
176,1.08539641,0.32290599,1.13235307,0.01141016
177,1.07306540,0.30028501,1.11421132,0.01316514
178,0.95467180,0.24961239,0.98668724,0.01236123
179,-0.83867985,-0.18687509,-0.85923219,0.00513462
180,0.84808499,0.17724198,0.86640805,0.00022434
181,-0.89952046,-0.16913021,-0.91528219,0.00079043
182,-1.10873234,-0.20474613,-1.12735140,-0.01694016
183,-1.10263658,-0.18363535,-1.11770117,-0.01652938
184,-0.97394055,-0.14521827,-0.98459518,-0.01486660
185,0.84598279,0.10471527,0.85241288,0.00667871
186,-0.85677457,-0.08634433,-0.86110926,-0.00298626
187,0.90259725,0.07779203,0.90591711,0.00689306
188,1.11221290,0.09087063,1.11566293,0.02390078
189,1.11712539,0.07181741,1.11919653,0.02293742
190,1.10266352,0.04739605,1.10354698,0.01724606
191,0.96768200,0.02215948,0.96786082,0.01204092
192,-0.83972275,0.00993391,-0.83977181,0.00404752
193,0.85226119,-0.01841562,0.85245264,0.00356618
194,-0.91424668,0.03472780,-0.91488940,-0.00551807
195,-1.11360955,0.03770122,-1.11380541,-0.03138737
196,-0.98118263,0.03926016,-0.98128414,-0.03663618
197,0.91339403,-0.05573476,0.91464090,0.02875737
198,0.97300100,-0.07081660,0.97495955,0.03463954
199,-0.83837360,0.09197304,-0.84332180,-0.01173467
200,0.83313316,-0.09837157,0.83870471,0.01903030
201,-0.91742200,0.12123512,-0.92510223,-0.02338950
202,-0.97698331,0.14221099,-0.98689252,-0.02762947
203,0.90738302,-0.14771476,0.91900659,0.02429962
204,0.97866517,-0.16926056,0.99268031,0.03194382
205,-0.93597645,0.19496603,-0.95598924,-0.01217575
206,0.92301136,-0.19979574,0.94417375,0.02010665
207,-0.94909227,0.21631911,-0.97310257,-0.02532906
208,1.00753272,-0.23673533,1.03435886,0.03559979
209,1.21510363,-0.29465935,1.24926209,0.05143009
210,1.19876659,-0.31766298,1.23953605,0.03875408
211,1.18325138,-0.32892066,1.22750413,0.03881194
212,1.16849136,-0.35036406,1.21954489,0.02893816
213,1.15448356,-0.37274447,1.21301115,0.01935545
214,1.14136958,-0.38687575,1.20500791,0.01879761
215,1.12670004,-0.40355250,1.19669569,0.01506959
216,1.12234795,-0.42443040,1.19986558,0.01132793
217,1.10976052,-0.44251677,1.19471014,0.00756924
218,0.96646810,-0.40608993,1.04831231,0.00327301
219,-0.89613253,0.41643041,-0.98799479,0.01827659
220,-0.93485069,0.44754413,-1.03637612,0.01289377
221,0.79832721,-0.41153869,0.89788461,-0.02221556
222,-0.79745460,0.43289262,-0.90701282,0.02564249
223,0.85758215,-0.47134244,0.97846186,-0.01494198
224,0.89109564,-0.50176609,1.02262080,-0.00821364
225,-0.76977181,0.47292507,-0.90305924,0.02627999
226,0.75562191,-0.47804660,0.89389020,-0.02129439
227,-0.75278181,0.50056154,-0.90364909,0.02570309
228,0.73770362,-0.49862334,0.89027578,-0.01552337
229,-0.73616940,0.51798880,-0.89999074,0.01656738
230,0.79020774,-0.56067830,0.96890163,-0.00424706
231,0.83734512,-0.59976757,1.02994990,0.00843969
232,-0.76488632,0.58903223,-0.96535271,0.01020616
233,-0.91703987,0.71818441,-1.16479576,0.00136823
234,-0.91051263,0.73824751,-1.17219472,0.00145874
235,-0.88983339,0.74689502,-1.16174567,0.00160450
236,-0.87168282,0.76053131,-1.15681517,0.00418880
237,-0.73821658,0.66263074,-0.99198931,0.00055114
238,0.63064981,-0.59482068,0.86687785,-0.00732251
239,-0.62780941,0.62339890,-0.88461798,0.01489778
240,0.67598438,-0.67939705,0.95839077,-0.00472337
241,0.70474082,-0.71827668,1.00625658,0.00533563
242,-0.65285206,0.70292997,-0.95932043,0.00552245
243,-0.68524253,0.75818157,-1.02195513,0.00207945
244,0.61782938,-0.72998565,0.95619601,-0.01677557
245,0.73832327,-0.88975370,1.15614665,-0.01037553
246,0.71930820,-0.90043187,1.15241456,-0.01106257
247,0.61832190,-0.78710413,1.00092697,0.00034620
248,-0.57096082,0.77679956,-0.96395671,0.01418550
249,-0.66936833,0.92454153,-1.14140856,0.00418446
250,-0.64752477,0.93786663,-1.13964331,0.00975482
251,-0.63647097,0.94329202,-1.13793385,0.00134326
252,-0.54546696,0.83853745,-1.00033927,0.00076218
253,0.49928975,-0.80625689,0.94831949,-0.00552206
254,0.59034878,-0.97202176,1.13724458,0.00354111
255,0.49824038,-0.84498948,0.98092061,0.00673868
256,-0.45716146,0.83641022,-0.95315397,0.00872053
257,-0.46343035,0.85443109,-0.97200394,-0.00532550
258,0.39327505,-0.77410752,0.86826873,-0.00413948
259,-0.40413266,0.84065717,-0.93271273,0.00863773
260,-0.48194277,1.01447487,-1.12312424,-0.00448052
261,-0.40176630,0.88341779,-0.97047824,-0.00390912
262,0.33495662,-0.77689129,0.84602314,0.00090923
263,-0.31389570,0.77186167,-0.83324420,0.00223594
264,0.32078740,-0.79961389,0.86151862,0.00852095
265,-0.33308962,0.88230669,-0.94307142,-0.00549127
266,-0.34191617,0.91288394,-0.97462261,-0.01935424
267,0.30995047,-0.88606334,0.93862665,0.01254980
268,0.31164086,-0.90108079,0.95313275,0.02458732
269,-0.25483477,0.82501495,-0.86345309,-0.00626185
270,0.27321857,-0.89538825,0.93595427,0.01892056
271,0.27274141,-0.93408370,0.97282183,0.02275612
272,-0.22804293,0.91339433,-0.94143051,0.00118588
273,-0.27164352,1.09197509,-1.12513423,-0.01652126
274,-0.22785774,0.93030435,-0.95747656,-0.02498019
275,0.18610094,-0.84267360,0.86284357,0.01527518
276,-0.19319008,0.91118920,-0.93116218,-0.02291591
277,-0.19418567,0.92625207,-0.94574487,-0.03489310
278,0.15152510,-0.83865488,0.85202003,0.01907017
279,-0.15275380,0.92883718,-0.94109821,-0.02015800
280,-0.15608226,0.94233429,-0.95451796,-0.03537026
281,0.11668271,-0.83362836,0.84149116,0.02106397
282,-0.09689493,0.84737891,-0.85281485,-0.01210319
283,0.08872661,-0.84161913,0.84610790,0.01722176
284,-0.07620043,0.87787634,-0.88105798,-0.01449552
285,0.07687000,-0.96083128,0.96361536,0.02347506
286,0.08315925,-0.99652058,0.99912363,0.04148231
287,-0.06559671,0.95616823,-0.95769960,-0.03704189
288,-0.07379726,1.13330328,-1.13442326,-0.05390913
289,-0.05824678,1.12983775,-1.13025284,-0.04954156
290,-0.03302057,1.12546241,-1.12538147,-0.03567069
291,-0.01431533,1.12647808,-1.12617862,-0.02965757
292,0.00136951,0.97706908,-0.97679013,-0.02338372
293,-0.01704769,-0.95005906,0.95002329,0.01893657
294,-0.02257388,-0.94300681,0.94293767,0.02529646
295,0.05382248,0.87642205,-0.87807184,-0.00149346
296,-0.06802766,-0.94142216,0.94386441,0.00483468
297,-0.08741119,-1.12490118,1.12818742,0.01537863
298,-0.10242382,-0.99255359,0.99782366,0.00109925
299,0.13053462,0.94011986,-0.94895113,0.01887549
300,0.16355695,1.11546469,-1.12731528,0.01313327
301,0.18225262,1.11618090,-1.13087726,0.01386742
302,0.17372771,0.95439821,-0.96997660,0.01423489
303,-0.18577059,-0.92784202,0.94612718,-0.01564897
304,-0.23471673,-1.09943414,1.12410820,-0.01510373
305,-0.21605131,-0.95126635,0.97544038,-0.01009677
306,0.23797852,0.91774589,-0.94779700,0.02391842
307,0.28577900,1.08448160,-1.12141633,0.01397836
308,0.26036990,0.93062001,-0.96629387,0.01106064
309,-0.26151457,-0.89275855,0.93024445,-0.00727484
310,-0.31274712,-1.03778338,1.08388424,-0.00011126
311,-0.33795446,-1.03358841,1.08739710,-0.00926543
312,-0.35224518,-1.03197241,1.09041548,-0.00615681
313,-0.32171562,-0.88941962,0.94578397,-0.00781058
314,0.34399086,0.87612116,-0.94104934,0.01854696
315,0.41700265,1.03965044,-1.12010121,0.01172624
316,0.37038630,0.88611621,-0.96037394,0.00835301
317,-0.37954110,-0.86106235,0.94093031,-0.01140256
318,-0.39113739,-0.87569964,0.95908159,-0.00088646
319,0.40929151,0.83496714,-0.92967469,0.01986972
320,0.48845509,0.98519367,-1.09958911,0.00993293
321,0.51045352,0.98473322,-1.10910785,0.01192156
322,0.51134032,0.96139884,-1.08891177,0.00527330
323,0.46293560,0.82557744,-0.94645387,0.01060963
324,-0.47245809,-0.79475003,0.92438883,-0.01869736
325,0.49960881,0.78697193,-0.93167228,0.03034140
326,-0.50176167,-0.77507859,0.92306298,-0.02159696
327,0.54048061,0.79437864,-0.96040893,0.02777518
328,-0.59566385,-0.86144143,1.04715168,-0.01923982
329,-0.59370172,-0.86576825,1.04977417,0.00326526
330,0.61662012,0.83997428,-1.04191160,0.01404862
331,0.60740441,0.82684821,-1.02596593,-0.00344391
332,-0.57605696,-0.74558514,0.94218564,-0.00500058
333,0.64026517,0.80062866,-1.02513957,0.00587019
334,0.75928259,0.93736219,-1.20628738,-0.00538788
335,0.78068769,0.93705237,-1.21962547,-0.00733719
336,0.68393713,0.79471755,-1.04848337,-0.00536491
337,-0.67703068,-0.76039141,1.01811194,0.00369543
338,-0.79657418,-0.88075352,1.18746591,0.01348598
339,-0.81196332,-0.86359662,1.18533790,0.00759366
340,-0.82221431,-0.85086286,1.18318272,0.00908708
341,-0.70741427,-0.71701312,1.00717187,0.01214794
342,0.72513998,0.69889939,-1.00711775,-0.00149489
343,0.71430111,0.67787606,-0.98471254,-0.00911720
344,-0.65031147,-0.58485889,0.87461960,-0.00236001
345,0.67379254,0.58402783,-0.89166325,0.00464895
346,-0.75147778,-0.64947069,0.99319947,0.00926700
347,-0.73208356,-0.63131714,0.96644288,0.02226654
348,0.70343679,0.55752611,-0.89757478,0.00425999
349,-0.77305079,-0.61377585,0.98701012,0.01180216
350,-0.76019913,-0.59944934,0.96785474,0.02235009
351,0.70048010,0.51395869,-0.86880565,-0.00164514
352,-0.70108044,-0.50833112,0.86591870,0.00995904
353,0.74687982,0.51255345,-0.90583694,-0.00017506
354,-0.80336505,-0.55344516,0.97540319,0.01689911
355,-0.94532359,-0.64333391,1.14309502,0.02913753
356,-0.96260726,-0.63941300,1.15521491,0.03066098
357,-0.82821918,-0.54364920,0.99016756,0.03270669
358,0.84183115,0.51103097,-0.98475319,-0.00966762
359,0.98653054,0.59810311,-1.15336442,-0.02683610
360,0.84820169,0.50688452,-0.98770463,-0.02859244
361,-0.84991235,-0.48853722,0.98003048,0.02366350
362,-0.85967946,-0.49661851,0.99206620,0.03851265
363,0.85279536,0.45936355,-0.96845001,-0.01947310
364,0.84719366,0.44819561,-0.95813870,-0.02421691
365,-0.75841945,-0.38230619,0.84919411,0.01508017
366,0.79484862,0.39023536,-0.88529432,-0.01794233
367,-0.87848020,-0.42582184,0.97586280,0.02726613
368,-1.02700102,-0.49710667,1.14011514,0.04453797
369,-0.88511604,-0.41330445,0.97627676,0.03368255
370,0.89712191,0.38921997,-0.97776175,-0.01737354
371,0.90132177,0.38867372,-0.98117870,-0.02713717
372,-0.89123422,-0.36281896,0.96209478,0.01759543
373,-0.89094037,-0.35175359,0.95768040,0.01880283
374,0.79280913,0.28593257,-0.84279424,-0.00126960
375,-0.81821018,-0.28281724,0.86570901,0.00120152
376,0.92052901,0.30720320,-0.97042930,-0.00379722
377,0.93090433,0.30478844,-0.97946846,-0.01096876
378,-0.93677551,-0.26878640,0.97448564,-0.01312501
379,-1.10597730,-0.30949584,1.14844751,-0.00645610
380,-0.93033218,-0.25189096,0.96382934,-0.00009071
381,0.86136711,0.20051998,-0.88417614,0.01985178
382,-0.92951667,-0.21170413,0.95324814,-0.01173685
383,-0.92445338,-0.20576243,0.94707185,-0.00267802
384,0.85932070,0.15940338,-0.87371272,0.02162329
385,-0.94828981,-0.17491320,0.96423227,-0.01021376
386,-0.96927363,-0.17029606,0.98410934,-0.00457684
387,0.94788563,0.13657220,-0.95745260,0.02058303
388,1.11048591,0.15937293,-1.12183893,0.00748964
389,1.10395265,0.14756067,-1.11376894,0.00213001
390,1.09499741,0.12988839,-1.10266984,0.00309301
391,1.10140693,0.11740092,-1.10764611,0.00073285
392,0.95755535,0.08623227,-0.96142524,0.00311545
393,-0.94040525,-0.06507691,0.94260746,-0.00939041
394,-1.11340332,-0.07352517,1.11582732,0.00159450
395,-1.11105239,-0.05650957,1.11248839,-0.00008661
396,-1.10652387,-0.03792026,1.10716891,-0.00316718
397,-1.10859859,-0.01992580,1.10876346,-0.00560821
398,-0.93168110,-0.01420590,0.93176931,0.00611468
399,0.86629605,-0.02195784,-0.86638814,0.01796366
400,-0.94076008,0.03192725,0.94120789,-0.01329266
401,-1.11282814,0.04122866,1.11358881,-0.00250591
402,-0.96723223,0.05370077,0.96870112,-0.00632685
403,0.94175261,-0.08907896,-0.94550425,0.02923749
404,1.11682618,-0.10973880,-1.12202048,0.02033175
405,0.93342119,-0.10000846,-0.93870866,0.01014131
406,-0.82642281,0.11065459,0.83359295,-0.01848963
407,0.82108742,-0.13072276,-0.83101875,0.02609323
408,-0.84993702,0.14116573,0.86137378,-0.01886713
409,0.93660724,-0.17200285,-0.95201498,0.02203713
410,1.09530127,-0.20656273,-1.11453342,0.01297526
411,1.10122669,-0.22085363,-1.12312412,0.00830033
412,0.92212486,-0.19034882,-0.94156361,-0.00220520
413,-0.84190947,0.19282568,0.86369884,-0.00420233
414,0.91111058,-0.23059200,-0.93976188,0.01194835
415,1.07053387,-0.27156565,-1.10443842,-0.00256637
416,1.07563508,-0.28848094,-1.11364281,-0.00343863
417,1.06976032,-0.30289942,-1.11180961,-0.00383832
418,1.06996524,-0.31630006,-1.11571681,-0.00686239
419,0.91801691,-0.27945355,-0.95954025,-0.01148171
420,-0.88822472,0.28862518,0.93392020,0.00637602
421,-0.90946293,0.29676086,0.95647252,0.01871141
422,0.87907046,-0.31617898,-0.93419927,-0.00239321
423,1.04702616,-0.38065878,-1.11397684,-0.01484453
424,0.87983042,-0.33148274,-0.94010282,-0.01374538
425,-0.77505761,0.31469926,0.83650815,0.00200340
426,0.75811082,-0.32335198,-0.82418925,0.00077758
427,-0.76071823,0.33106336,0.82962030,0.00503384
428,0.78869450,-0.36340773,-0.86839086,0.00115955
429,-0.84825236,0.38998437,0.93351626,0.01293363
430,-0.99726623,0.46908805,1.10189724,0.02015462
431,-1.00096703,0.48367128,1.11147499,0.02227755
432,-0.85410595,0.41972074,0.95135868,0.02406582
433,0.83330625,-0.43573508,-0.94028330,-0.01147610
434,0.83266151,-0.43097845,-0.93718261,-0.02750388
435,-0.72555184,0.38777170,0.82235843,0.02278069
436,0.74292487,-0.41596496,-0.85127455,-0.01719972
437,-0.81398153,0.45538124,0.93219876,0.03071332
438,-0.83362800,0.46836591,0.95534092,0.04032260
439,0.80588770,-0.48430046,-0.93996495,-0.02163212
440,0.94937646,-0.57429075,-1.10900521,-0.03511460
441,0.93631905,-0.58601344,-1.10420346,-0.02897944
442,1.03540123,-0.66625059,-1.23088443,-0.02948307
443,1.04130208,-0.68587291,-1.24655867,-0.02869647
444,0.89680153,-0.60377491,-1.08083427,-0.02438344
445,-0.84715950,0.59467822,1.03495347,0.01388076
446,-1.00667191,0.69354796,1.22176898,0.04096034
447,-0.99678850,0.69958484,1.21712947,0.04002684
448,-0.98301351,0.70659506,1.21008730,0.03578817
449,-0.84274817,0.61338943,1.04180920,0.03323895
450,0.80748898,-0.62602204,-1.02167892,-0.01068609
451,0.80605417,-0.63004988,-1.02292264,-0.01776491
452,-0.72923082,0.59450179,0.94083273,0.00660909
453,0.76080173,-0.64104885,-0.99486637,-0.00198718
454,0.91666371,-0.77005798,-1.19705391,-0.01798427
455,0.79362023,-0.68848878,-1.05060089,-0.00935845
456,-0.73884904,0.67312253,0.99948490,-0.00464931
457,-0.87543309,0.80880511,1.19186759,0.00045312
458,-0.85143918,0.82751226,1.18721259,-0.01585043
459,-0.70694917,0.70373666,0.99743605,-0.01198744
460,0.60900265,-0.65184265,-0.89150476,0.03166033
461,-0.59361774,0.64248651,0.87442708,-0.02341427
462,0.59941727,-0.67966038,-0.90562820,0.03281523
463,-0.65397537,0.74664932,0.99224591,-0.02483948
464,-0.76975203,0.88171172,1.17035198,-0.01449112
465,-0.64035261,0.75540376,0.99020898,-0.01313267
466,0.56110185,-0.70515782,-0.90072578,0.02785358
467,-0.59649748,0.75447589,0.96160847,-0.01877050
468,-0.71031874,0.89062274,1.13919258,-0.00144698
469,-0.68970495,0.89448124,1.12949395,-0.00574699
470,-0.67842370,0.90074825,1.12764859,-0.00381094
471,-0.66971922,0.91046941,1.13025403,-0.00209476
472,-0.57360846,0.80586082,0.98914915,-0.00471245
473,0.53089112,-0.80176085,-0.96128088,0.02459212
474,0.64279652,-0.95431322,-1.15060377,0.00349694
475,0.54089969,-0.82860816,-0.98951709,0.00446255
476,-0.50303191,0.81769902,0.95987695,-0.01757885
477,-0.50378275,0.81905937,0.96158135,-0.00406301
478,0.43039018,-0.75808942,-0.87144250,0.02287513
479,-0.45983562,0.81563610,0.93622708,-0.01378024
480,-0.47037557,0.84381545,0.96604800,-0.00538390
481,0.38797447,-0.75081897,-0.84489489,0.02014736
482,-0.38649261,0.76882535,0.86032313,-0.01769653
483,0.41357452,-0.86284494,-0.95653999,0.02401094
484,0.42264324,-0.89174026,-0.98672503,0.01419856
485,-0.38615564,0.85924035,0.94183129,-0.01908001
486,-0.39560261,0.88573563,0.97003704,-0.00756231
487,0.31794032,-0.78384602,-0.84552610,0.02421194
488,-0.31903729,0.79938060,0.86053646,-0.01646416
489,0.33631864,-0.88847125,-0.94975752,0.02126445
490,0.34200644,-0.90565377,-0.96804839,0.00770619
491,-0.28537422,0.79686344,0.84637052,-0.00931316
492,0.27448913,-0.82309389,-0.86750323,0.01630816
493,-0.29622951,0.89577740,0.94346780,-0.00613191
494,-0.31183401,0.94117993,0.99146074,0.00810673
495,0.27387202,-0.91735166,-0.95732427,0.00838210
496,0.32437909,-1.09276259,-1.13988209,-0.00454086
497,0.26468238,-0.94085711,-0.97737473,-0.00273841
498,-0.22311075,0.84754169,0.87641603,-0.00059426
499,0.22076914,-0.89749950,-0.92424858,0.00301527
500,0.26562709,-1.09329569,-1.12506795,-0.00868466
501,0.24773087,-1.10272610,-1.13020515,-0.00347154
502,0.23656602,-1.09580719,-1.12101650,-0.00886358
503,0.19700417,-0.93758547,-0.95795083,-0.01440192
504,-0.15738206,0.84734190,0.86182743,0.00329437
505,0.15390439,-0.90575439,-0.91873568,-0.00154059
506,0.18312463,-1.09346116,-1.10860121,-0.01397215
507,0.16619433,-1.10285437,-1.11526835,-0.00921931
508,0.15783039,-1.10211825,-1.11326253,-0.01488708
509,0.13296250,-0.96764344,-0.97654992,-0.01905671
510,-0.11252967,0.91833347,0.92507696,0.01523102
511,-0.13893583,1.10197246,1.11013269,0.03538253
512,-0.11292956,0.96346819,0.96954525,0.03171682
513,0.08203576,-0.91532981,-0.91888684,-0.01433506
514,0.08641611,-0.94528544,-0.94882715,-0.02755706
515,-0.07098071,0.83949977,0.84204608,0.02750539
516,0.06036696,-0.90728289,-0.90899712,-0.02303714
517,0.06119466,-0.94594663,-0.94736940,-0.03241876
518,-0.03591833,0.82837182,0.82893699,0.01880095
519,0.01960621,-0.85614061,-0.85629028,-0.01132347
520,-0.02345212,0.90696990,0.90692669,0.02506523
521,-0.01416260,1.10826969,1.10801959,0.02747645
522,-0.00988313,1.11074853,1.11028063,0.03371894
523,-0.00478369,0.96983713,0.96925187,0.03402548
524,-0.01330319,-0.92919183,-0.92900151,-0.02303505
525,-0.01682697,-0.95921826,-0.95889217,-0.03014620
526,0.02373195,0.84717166,0.84712112,0.02547381
527,-0.03331699,-0.91238934,-0.91255265,-0.02849303
528,-0.03628605,-0.97850698,-0.97840387,-0.03896765
529,0.05231681,0.91582215,0.91696155,0.02547026
530,0.05420223,0.98816431,0.98889023,0.03876360
531,-0.08053439,-0.91873449,-0.92216396,-0.01312951
532,-0.10339662,-1.11765504,-1.12221766,-0.02169934
533,-0.10288860,-0.97569990,-0.98099530,-0.01498887
534,0.10941359,0.91147578,0.91796964,0.00955127
535,0.12025227,0.97616792,0.98339945,0.01702537
536,-0.13748673,-0.90437108,-0.91476071,0.00158651
537,-0.18002908,-1.10931587,-1.12382877,0.00103415
538,-0.20506282,-1.09967887,-1.11853182,0.01519319
539,-0.18389836,-0.94185358,-0.95959276,0.00940955
540,0.17941609,0.82851022,0.84756678,-0.01580579
541,-0.19184455,-0.81451488,-0.83654785,0.02064931
542,0.20008962,0.82482362,0.84859407,-0.01605927
543,-0.23040240,-0.89805788,-0.92695880,0.01845545
544,-0.24284831,-0.94273233,-0.97347492,0.00812916
545,0.22957684,0.80910212,0.84085786,-0.01760441
546,-0.24499176,-0.81241643,-0.84828913,0.02114053
547,0.24618778,0.80675167,0.84337831,-0.01302540
548,-0.25381425,-0.80072135,-0.83990353,0.01176690
549,0.26140395,0.81210643,0.85312372,-0.00537388
550,-0.29324946,-0.86915016,-0.91725433,0.00786434
551,-0.35452977,-1.05771410,-1.11553323,-0.00601217
552,-0.32562152,-0.93136549,-0.98664129,-0.00317507
553,0.32561874,0.87482697,0.93344587,-0.00534660
554,0.39432085,1.06064332,1.13154781,0.00726148
555,0.34967741,0.91049767,0.97531688,0.00611116
556,-0.33535185,-0.79696006,-0.86455029,0.01261412
557,0.33675027,0.78217798,0.85154098,-0.00900456
558,-0.35304847,-0.78120995,-0.85716558,0.01412002
559,0.39234686,0.85723704,0.94272077,-0.00829873
560,-0.44890204,-0.94631481,-1.04733288,0.01089441
561,-0.48836204,-1.02382505,-1.13433468,0.00009618
562,0.47401705,0.93229592,1.04578042,-0.01453680
563,0.59064394,1.12869239,1.27379012,-0.01628739
564,0.52858722,0.98232514,1.11544561,-0.01218276
565,-0.51979959,-0.89192319,-1.03180528,0.03311159
566,-0.63319021,-1.06878984,-1.24190009,0.03042537
567,-0.64160717,-1.05516517,-1.23465645,0.02563239
568,-0.63924468,-1.04168642,-1.22212720,0.01224120
569,-0.58197886,-0.91872817,-1.08748424,0.01178021
570,0.54871392,0.83544534,0.99942994,-0.01399419
571,0.67306054,1.01089597,1.21443510,-0.00827099
572,0.67918879,1.00127494,1.20989311,-0.00274839
573,0.60348779,0.87338626,1.06160152,0.00181568
574,-0.59305346,-0.80970377,-1.00356567,0.01372509
575,-0.70769036,-0.97126871,-1.20174074,-0.00282643
576,-0.61648536,-0.82965416,-1.03361177,-0.00520320
577,0.56261468,0.72857928,0.92052203,-0.00149734
578,-0.60200882,-0.76079541,-0.97016662,0.00099428
579,-0.64669329,-0.81772083,-1.04246426,-0.01215463
580,0.56721777,0.68417478,0.88872439,-0.00020223
581,-0.58211076,-0.67644215,-0.89240980,0.00563175
582,0.58329368,0.67131162,0.88931924,0.00146921
583,-0.59283358,-0.66107774,-0.88795984,0.00163028
584,0.61189169,0.66745663,0.90548867,-0.00034132
585,-0.66161799,-0.70608461,-0.96762228,-0.00101280
586,-0.79997885,-0.86204648,-1.17585623,-0.02126966
587,-0.71722740,-0.75648081,-1.04228032,-0.01816656
588,0.67815042,0.68723094,0.96546137,0.00766235
589,0.81821585,0.83192372,1.16660666,0.02455705
590,0.81473327,0.80872452,1.14776850,0.02128619
591,0.81887293,0.79832840,1.14341307,0.02208503
592,0.82311392,0.79674673,1.14519835,0.02902476
593,0.73560655,0.70327967,1.01730609,0.02842040
594,-0.70162803,-0.64062715,-0.95000416,-0.01331261
595,-0.84377849,-0.78038162,-1.14878404,-0.03539674
596,-0.74493206,-0.67768824,-1.00660253,-0.03060137
597,0.65189081,0.57406414,0.86840105,0.01977010
598,-0.65148360,-0.55367041,-0.85488087,-0.01266914
599,0.67447060,0.56797177,0.88157672,0.01802488
600,-0.73931104,-0.60364330,-0.95433921,-0.01423908
601,-0.88772506,-0.73098135,-1.14947307,-0.03318311
602,-0.77676427,-0.63325065,-1.00168574,-0.03154313
603,0.70031017,0.54666233,0.88826263,0.01623230
604,-0.75521916,-0.57190269,-0.94724715,-0.01230810
605,-0.91804141,-0.70444429,-1.15668523,-0.03347866
606,-0.79922318,-0.61464244,-1.00754380,-0.03739604
607,0.71006542,0.52767843,0.88433009,0.02444730
608,-0.75500333,-0.54404414,-0.93038809,-0.01979594
609,-0.92821240,-0.66643184,-1.14222610,-0.03208197
610,-0.93549031,-0.65452433,-1.14143467,-0.02591141
611,-0.83260792,-0.57012963,-1.00890028,-0.02009775
612,0.78367519,0.51901239,0.93988460,0.01173028
613,0.94381344,0.62225980,1.13027465,0.02168591
614,0.94193965,0.60292310,1.11827946,0.01474473
615,0.95431316,0.59324414,1.12364089,0.00913870
616,0.95781457,0.58404541,1.12179947,0.00915152
617,0.86022359,0.50158143,0.99577105,-0.00291854
618,-0.81873751,-0.44445622,-0.93133432,0.02210716
619,-0.88150084,-0.47509789,-1.00126135,0.01540982
620,0.81418049,0.42106569,0.91640550,-0.01967439
621,0.87490284,0.45201117,0.98471308,-0.01045085
622,-0.76551485,-0.36272117,-0.84660077,0.02909697
623,0.77028841,0.35287848,0.84674305,-0.02989467
624,-0.84196836,-0.37326160,-0.92041802,0.03264213
625,-1.01720059,-0.44931018,-1.11169100,0.02683062
626,-1.02278471,-0.43345419,-1.11045396,0.02938312
627,-1.02497470,-0.42720014,-1.11023200,0.02139974
628,-1.00719023,-0.42066363,-1.09148812,0.00662103
629,-0.87847084,-0.35561207,-0.94770181,0.00567812
630,0.79139036,0.30110484,0.84662622,-0.01366873
631,-0.84192353,-0.30823520,-0.89644021,0.01545918
632,-1.03536403,-0.37678945,-1.10176325,0.00816582
633,-0.93221408,-0.32482126,-0.98713678,0.00964320
634,0.86453295,0.29319119,0.91287547,-0.00605261
635,0.92476773,0.31314319,0.97633922,0.00395220
636,-0.81009185,-0.24409406,-0.84590733,0.01647464
637,0.79525781,0.23486550,0.82914382,-0.01083092
638,-0.81955624,-0.22520255,-0.84975505,0.01746483
639,0.80989814,0.21886356,0.83888173,-0.01065953
640,-0.81980240,-0.20324843,-0.84441715,0.01858745
641,0.83215159,0.20823684,0.85778582,-0.00649923
642,-0.89951932,-0.20076844,-0.92143363,0.02007618
643,-1.08926189,-0.24325468,-1.11604738,0.01012858
644,-1.08889258,-0.22313622,-1.11140084,0.01628823
645,-1.08810925,-0.21303712,-1.10870385,0.01193281
646,-1.08275175,-0.19766033,-1.10057628,0.01236292
647,-0.95780420,-0.16679113,-0.97219437,0.00680093
648,0.82707328,0.12570092,0.83645338,-0.01402226
649,-0.84161633,-0.11232296,-0.84886158,0.01919655
650,0.89384145,0.11587791,0.90123796,-0.01226051
651,0.95723963,0.12810715,0.96576989,0.00277087
652,-0.84105128,-0.08961913,-0.84574270,0.01087402
653,0.84729415,0.08874676,0.85192668,-0.00207140
654,-0.91477454,-0.08152975,-0.91838229,0.00580051
655,-1.10958207,-0.09793410,-1.11388314,-0.00528228
656,-1.11382937,-0.08296259,-1.11691248,-0.00220915
657,-1.10593021,-0.07743452,-1.10859537,-0.00969227
658,-0.97129989,-0.05745868,-0.97296381,-0.00815082
659,0.84089404,0.03458483,0.84160447,0.00088922
660,-0.85571688,-0.02035260,-0.85594827,0.00427163
661,0.90043211,0.01873326,0.90062076,0.00333675
662,1.10793424,0.02288317,1.10805166,0.01622372
663,1.10087478,0.00984579,1.10083067,0.01393203
664,0.96620852,0.00450781,0.96605784,0.01764802
665,-0.84717107,0.02254405,-0.84746635,0.00282317
666,0.84884357,-0.02647672,0.84925133,0.00293238
667,-0.89946622,0.04081154,-0.90039158,-0.00019962
668,-1.11012638,0.04982121,-1.11116588,-0.01316021
669,-1.11035335,0.05899127,-1.11181891,-0.01493934
670,-0.98952657,0.05769147,-0.99104869,-0.01770513
671,0.91022903,-0.06332410,0.91231114,0.01466721
672,1.10002029,-0.07701553,1.10235798,0.02797761
673,0.96227366,-0.07366769,0.96473831,0.02603063
674,-0.84051579,0.08166782,-0.84437871,-0.01268857
675,0.82751983,-0.08009633,0.83112520,0.02086518
676,-0.89565563,0.09220836,-0.90003502,-0.02526417
677,-0.96471542,0.10242904,-0.96959752,-0.03237575
678,0.94046187,-0.11727039,0.94750023,0.02154653
679,-1.00140417,0.13906689,-1.01086307,-0.01749006
680,-1.09901297,0.14945312,-1.10866857,-0.03193289
681,0.99406314,-0.15157183,1.00535846,0.01974349
682,1.07146645,-0.16977979,1.08457053,0.02392400
683,-0.92037588,0.17173435,-0.93625826,-0.00220964
684,0.92824739,-0.17757726,0.94505382,0.00707860
685,-1.00468147,0.19333465,-1.02298903,-0.01601540
686,-1.21264434,0.21674201,-1.23100722,-0.04587420
687,-1.04925621,0.19793302,-1.06720424,-0.03451514
688,0.92673403,-0.19154987,0.94611102,0.02003260
689,-0.96337855,0.21646582,-0.98733145,-0.01150424
690,-1.18249071,0.27165616,-1.21315432,-0.01838369
691,-1.17248821,0.29253125,-1.20842159,-0.00449494
692,-1.01462162,0.25439733,-1.04596210,-0.01176726
693,0.88093823,-0.23908333,0.91280502,-0.00004260
694,-0.86258876,0.25309420,-0.89889520,0.01017625
695,0.88131279,-0.26188320,0.91938859,-0.00443210
696,-0.95012897,0.29752344,-0.99557394,0.00988668
697,-1.15080953,0.36395779,-1.20698678,0.00327925
698,-0.99439585,0.33436757,-1.04904068,0.01177171
699,0.85613668,-0.30037326,0.90721226,-0.01264686
700,-0.85276437,0.32083878,-0.91081345,0.02373732
701,0.90596390,-0.34205854,0.96826452,-0.01544624
702,0.97168773,-0.36763918,1.03889275,-0.00611677
703,-0.83672428,0.34604931,-0.90514672,0.02381224
704,0.81793612,-0.34139195,0.88617730,-0.01605308
705,-0.84792042,0.37314558,-0.92607111,0.02447323
706,0.90353733,-0.39603728,0.98643488,-0.01309473
707,1.09398413,-0.46092474,1.18703485,0.01419235
708,0.94988322,-0.40330800,1.03180027,0.01799693
709,-0.87968719,0.40369350,-0.96788847,0.00314233
710,-0.93293983,0.42769840,-1.02627981,-0.00722756
711,0.79492176,-0.38864467,0.88480711,-0.00784739
712,-0.78401947,0.40217596,-0.88101327,0.01573639
713,0.80182034,-0.41106719,0.90103018,-0.00606343
714,-0.86014497,0.45473465,-0.97291011,0.00888347
715,-0.90823698,0.47533628,-1.02508867,-0.00566678
716,0.78126019,-0.43071225,0.89210004,-0.00617924
717,-0.76406693,0.43824330,-0.88074505,0.01198871
718,0.77774298,-0.44991043,0.89848119,-0.00592702
719,-0.84284204,0.49585509,-0.97787631,0.00357564
720,-0.90174019,0.52743775,-1.04462302,-0.00940769
721,0.82888365,-0.49791932,0.96692044,0.00604878
722,0.87723809,-0.54089278,1.03058004,0.00405324
723,-0.74754846,0.49515516,-0.89649969,0.01719293
724,0.72891259,-0.48996919,0.87818778,-0.01302276
725,-0.72870272,0.50977898,-0.88908839,0.02009981
726,0.74088979,-0.52464026,0.90770650,-0.01529672
727,-0.78833526,0.58006120,-0.97846717,0.02335662
728,-0.95421696,0.69338393,-1.17951834,0.00690482
729,-0.82238257,0.60639107,-1.02177250,0.00205795
730,0.70588547,-0.54335827,0.89072490,-0.01102705
731,-0.69294220,0.54560411,-0.88189238,0.01088802
732,0.69808257,-0.55985379,0.89480215,-0.00919946
733,-0.75815588,0.61301625,-0.97497624,0.00324810
734,-0.79659921,0.63750982,-1.02021277,-0.01245127
735,0.69437933,-0.57876748,0.90395403,0.00124243
736,-0.73744482,0.62050825,-0.96374911,-0.00655587
737,-0.79746723,0.67356002,-1.04374635,-0.01518612
738,0.71635783,-0.63228375,0.95548379,0.00143453
739,0.87163931,-0.77586836,1.16689956,0.00849424
740,0.86317760,-0.77338964,1.15886676,0.01531758
741,0.73850912,-0.66831392,0.99587250,0.01664260
742,-0.63471138,0.61104590,-0.88102823,0.00499383
743,0.63254130,-0.61397076,0.88151473,0.00048032
744,-0.67387152,0.66170877,-0.94442683,-0.00438883
745,-0.71924007,0.69992685,-1.00342000,-0.01876948
746,0.61522138,-0.62106031,0.87416071,0.00750357
747,-0.61112624,0.63631272,-0.88224983,-0.00208506
748,0.65888751,-0.68616891,0.95122659,0.01133544
749,0.69878697,-0.71889317,1.00219083,0.02690943
750,-0.60767031,0.66735715,-0.90256679,-0.00141897
751,0.63925761,-0.69602680,0.94492960,0.01455140
752,0.78559548,-0.85301638,1.15928650,0.02918668
753,0.78755802,-0.85665703,1.16310894,0.03586825
754,0.68765837,-0.74732208,1.01486731,0.03753073
755,-0.63307416,0.71842420,-0.95734030,-0.02039448
756,-0.67970943,0.76422131,-1.02219415,-0.03403225
757,0.62282687,-0.71744680,0.94972444,0.02582080
758,0.65372807,-0.74597949,0.99115288,0.03823330
759,-0.56052870,0.69331557,-0.89155179,-0.00379617
760,0.60397083,-0.73336804,0.94983435,0.02059363
761,0.73195022,-0.89220297,1.15361595,0.03078189
762,0.63870466,-0.80108094,1.02436841,0.01853888
763,-0.57805520,0.76901162,-0.96203643,0.00355592
764,-0.70165306,0.92652005,-1.16217792,-0.00994014
765,-0.60473114,0.78568131,-0.99118227,-0.02350886
766,0.53575104,-0.71626621,0.89434761,0.01445413
767,-0.55505431,0.76085109,-0.94173598,-0.01063007
768,-0.68646157,0.92490178,-1.15139925,-0.03085974
769,-0.59250760,0.81932551,-1.01092887,-0.01955952
770,0.54380667,-0.77805895,0.94922113,0.00898405
771,0.57334453,-0.81367081,0.99517345,0.02035001
772,-0.48850605,0.73905563,-0.88590801,0.00289330
773,0.51478797,-0.77770126,0.93263078,0.00506897
774,0.62557805,-0.95079947,1.13808477,0.01143952
775,0.62067598,-0.96134263,1.14426124,0.00919207
776,0.60316181,-0.96025074,1.13396573,0.00269683
777,0.57561946,-0.96936893,1.12726259,-0.01711689
778,0.56969070,-0.97520494,1.12931848,-0.01456617
779,0.56038320,-0.98607779,1.13404918,-0.01764877
780,0.48804632,-0.87035334,0.99778217,-0.01161594
781,-0.43806645,0.83822197,-0.94530076,0.03040903
782,-0.52376306,1.00793731,-1.13557303,0.02718734
783,-0.44967473,0.87974828,-0.98781693,0.01954556
784,0.41871980,-0.84384549,0.94179708,-0.02048858
785,0.44485158,-0.89193529,0.99666858,-0.00965749
786,-0.39606416,0.84774202,-0.93538207,0.02436818
787,-0.43106502,0.90065110,-0.99847400,0.00625291
788,0.38714018,-0.83471513,0.92008322,-0.00859045
789,0.46717513,-1.01001966,1.11283004,-0.00127732
790,0.39416859,-0.86837286,0.95364577,0.00037690
791,-0.32912722,0.79240161,-0.85779816,0.02018173
792,0.35930902,-0.85350627,0.92601949,-0.00798627
793,0.37687826,-0.88807499,0.96472943,0.00341665
794,-0.31425390,0.80827916,-0.86706930,0.01616817
795,0.33704001,-0.86541408,0.92869794,-0.00758920
796,0.35306275,-0.90668172,0.97299737,0.00107624
797,-0.28679648,0.80276054,-0.85230786,0.01575056
798,0.31979540,-0.92083758,0.97463965,-0.01698670
799,-0.33642438,1.01210999,-1.06633461,0.02187608
800,-0.41384321,1.20285237,-1.27205300,-0.00112342
801,-0.33326024,1.02801108,-1.08064365,0.00885799
802,0.27931926,-0.92968327,0.97054213,-0.01944916
803,-0.28248179,0.99699312,-1.03591144,0.02605056
804,-0.33523765,1.19257331,-1.23864257,0.01949303
805,-0.31901944,1.19364893,-1.23536015,0.02135735
806,-0.30730969,1.19093835,-1.22982299,0.01758105
807,-0.29713032,1.18973243,-1.22620332,0.01323214
808,-0.25145417,1.03657448,-1.06661403,0.00709323
809,0.22615221,-0.98674959,1.01229131,-0.00927211
810,0.23570490,-1.02567697,1.05240989,0.00189147
811,-0.20154975,0.98714304,-1.00741959,0.01339616
812,-0.20506105,1.01583600,-1.03631496,0.00491507
813,0.16551608,-0.88466728,0.89998192,-0.00801593
814,-0.15338090,0.90275675,-0.91558689,0.01399761
815,0.17179704,-0.98850113,1.00331867,-0.00069355
816,0.17425704,-1.00010753,1.01512933,0.00965371
817,-0.13251929,0.92169780,-0.93111551,0.01058959
818,0.13939312,-0.96606213,0.97606683,-0.00030054
819,0.16458939,-1.17361665,1.18508387,0.00647205
820,0.15833208,-1.17976725,1.19030082,0.01018596
821,0.12941851,-1.01667428,1.02482355,0.01060701
822,-0.10625342,0.99145347,-0.99713045,0.00084970
823,-0.11177681,1.02329397,-1.02932000,-0.01117210
824,0.09205625,-0.97626764,0.98058772,0.00453316
825,0.09707832,-1.02754223,1.03201735,0.01439672
826,-0.06947386,0.96456212,-0.96706086,0.00015282
827,-0.08386622,1.16463017,-1.16759527,-0.01087088
828,-0.07291429,1.16291893,-1.16516185,-0.00974660
829,-0.05755033,1.00806117,-1.00963962,-0.01127789
830,0.04660377,-0.96951944,0.97058517,0.01021041
831,0.05498559,-1.15123069,1.15234256,0.02149093
832,0.04395122,-0.96912169,0.96985453,0.02259628
833,-0.01574945,0.89652312,-0.89665806,-0.00246606
834,0.02593514,-0.94074601,0.94088298,0.02037300
835,0.02980411,-1.13875759,1.13871324,0.03145594
836,0.02371577,-1.14373493,1.14353359,0.03198697
837,0.01695429,-0.98652595,0.98622805,0.02958258
838,0.00529383,0.95545214,-0.95538163,-0.01275961
839,0.00744493,0.99094862,-0.99079973,-0.01872147
840,-0.02195691,-0.94222325,0.94243199,0.00941917
841,-0.01802379,-0.97502738,0.97494721,0.02193704
842,0.04183803,0.85262620,-0.85365105,0.00130485
843,-0.04502503,-0.83785444,0.83906114,0.00191601
844,0.05386116,0.87606311,-0.87771386,-0.00245231
845,-0.04373197,-0.94066840,0.94136828,0.02439847
846,-0.04148287,-0.97736287,0.97760081,0.03543741
847,0.06629281,0.94602662,-0.94825590,-0.01311258
848,0.06210834,0.96162397,-0.96329451,-0.02533508
849,-0.07047950,-0.85792440,0.86072153,0.01265135
850,0.08999842,0.93212444,-0.93643343,-0.00693657
851,0.08752317,0.94390035,-0.94778633,-0.01758331
852,-0.09714051,-0.85326809,0.85877270,0.00348526
853,0.11830170,0.94709873,-0.95445836,-0.00069018
854,0.11448812,0.97800529,-0.98455405,-0.01597973
855,-0.12076195,-0.93596280,0.94366568,0.01024315
856,-0.12849252,-0.95994395,0.96842355,0.01258987
857,0.14807366,0.84240729,-0.85512793,0.01822348
858,-0.15344991,-0.84999335,0.86361122,-0.01453658
859,0.18471564,0.93493003,-0.95271873,0.02325849
860,0.18444709,0.95355338,-0.97117358,0.01032080
861,-0.17940934,-0.83768129,0.85647565,-0.01863625
862,0.19373685,0.83721018,-0.85897726,0.02475609
863,-0.19947663,-0.86151546,0.88414729,-0.01683149
864,0.22401008,0.92898601,-0.95544547,0.01787497
865,0.26851904,1.10612547,-1.13818765,0.01202876
866,0.27826804,1.10744536,-1.14182258,0.01045796
867,0.23437430,0.95676959,-0.98503965,-0.00602022
868,-0.23424783,-0.90735114,0.93709987,0.00136667
869,-0.28384975,-1.07550955,1.11232615,0.00470594
870,-0.29072210,-1.06773329,1.10659456,0.00468097
871,-0.29715690,-1.05547333,1.09650004,0.00374072
872,-0.30925104,-1.06892824,1.11275470,0.00454505
873,-0.32248721,-1.07172394,1.11919105,0.00131290
874,-0.32573846,-1.06938291,1.11787415,0.00653283
875,-0.28412506,-0.90479231,0.94834369,0.00452789
876,0.28497955,0.81215894,-0.86052287,0.01777565
877,-0.30540520,-0.89025128,0.94117188,-0.00389461
878,-0.31666625,-0.92781824,0.98035198,0.00584625
879,0.32634208,0.87646335,-0.93515712,0.01297144
880,0.38544959,1.05360019,-1.12189269,-0.00127732
881,0.35988045,0.91932213,-0.98716688,0.01299050
882,-0.36172688,-0.87182850,0.94362134,-0.02258482
883,-0.42686650,-1.03887880,1.12309873,-0.01155488
884,-0.36848140,-0.87345767,0.94795322,-0.00957099
885,0.36051768,0.78497928,-0.86336154,0.02778978
886,-0.38392884,-0.84024376,0.92362481,-0.01811591
887,-0.39076602,-0.85675544,0.94162536,-0.00834372
888,0.37821704,0.77154350,-0.85893744,0.02353834
889,-0.40698808,-0.84073228,0.93399417,-0.01118028
890,-0.41425878,-0.85852009,0.95323980,-0.00097855
891,0.39131558,0.74688309,-0.84291792,0.02124877
892,-0.39609197,-0.76129913,0.85811430,-0.01024566
893,0.44713929,0.84149587,-0.95285863,0.01045477
894,0.45077616,0.84240764,-0.95542365,0.00391551
895,-0.42016426,-0.75044143,0.85997522,-0.01195642
896,0.46921045,0.81918395,-0.94395512,0.01301806
897,0.47661731,0.85636401,-0.98002666,-0.00842887
898,-0.47377494,-0.81176460,0.93990064,-0.00333554
899,-0.50018054,-0.84671307,0.98341411,0.00044896
900,0.49165070,0.79733998,-0.93669176,0.00893726
901,0.59074771,0.96405584,-1.13065243,-0.00340585
902,0.51758128,0.84096169,-0.98742807,-0.00963162
903,-0.50584197,-0.79807800,0.94487292,0.00445459
904,-0.59824592,-0.94959873,1.12219036,0.01802229
905,-0.60235745,-0.93363190,1.11099625,0.01379181
906,-0.60339165,-0.92176306,1.10159624,0.01464294
907,-0.61060810,-0.92078155,1.10472476,0.01625609
908,-0.61784410,-0.92397237,1.11133039,0.02002747
909,-0.52737743,-0.78334302,0.94410741,0.02035902
910,0.48807329,0.68156314,-0.83829808,0.00040750
911,-0.49543118,-0.69691604,0.85501277,0.00986005
912,0.54536313,0.75481361,-0.93115371,-0.01082192
913,0.54735398,0.77287787,-0.94667804,-0.02715297
914,-0.49132842,-0.68141150,0.83978391,0.02209778
915,0.51063180,0.68499994,-0.85425752,-0.01462162
916,-0.55351043,-0.74742669,0.92971516,0.02549761
917,-0.55974895,-0.76576275,0.94778287,0.03767084
918,0.60023117,0.76466781,-0.97205621,-0.01005544
919,-0.65214026,-0.83457607,1.05894804,0.02081739
920,-0.67123842,-0.86944008,1.09785855,0.03455062
921,0.66179848,0.81686860,-1.05122817,-0.01308400
922,0.79352731,0.98174226,-1.26208675,-0.02531193
923,0.80224353,0.97428536,-1.26191592,-0.01986447
924,0.68790168,0.83544576,-1.08197081,-0.02274656
925,-0.66552770,-0.80635381,1.04520190,0.02619924
926,-0.65350342,-0.79812032,1.03094387,0.03488910
927,0.62617719,0.71590674,-0.95110214,-0.00500770
928,-0.67048317,-0.76261264,1.01539922,0.00949817
929,-0.79964614,-0.91776109,1.21701527,0.02435702
930,-0.69440150,-0.78229856,1.04591286,0.01583656
931,0.62996143,0.66985381,-0.91950983,0.00756219
932,-0.61828601,-0.65846574,0.90324676,0.00001794
933,0.66245013,0.67801046,-0.94783294,0.01229312
934,-0.71071559,-0.72644448,1.01626992,-0.00580859
935,-0.84913564,-0.87111831,1.21649480,0.00433450
936,-0.75398213,-0.74623507,1.06079471,-0.00840167
937,0.74969149,0.69673717,-1.02295280,0.03236817
938,0.88420153,0.82129449,-1.20649672,0.02650480
939,0.74500978,0.67837566,-1.00734603,0.02207041
940,-0.69384700,-0.60761559,0.92181659,-0.02957202
941,0.75399309,0.64546305,-0.99197781,0.03328771
942,0.89478296,0.77239162,-1.18182874,0.02250281
943,0.76541728,0.64809483,-1.00276697,0.01868035
944,-0.69585478,-0.56854820,0.89826500,-0.02410203
945,0.76996481,0.62178427,-0.98941863,0.02263548
946,0.79045290,0.64858866,-1.02247465,0.00535505
947,-0.75211811,-0.60751164,0.96681583,-0.00438974
948,-0.78201258,-0.63772517,1.00904143,0.00851459
949,0.76090366,0.59277833,-0.96453041,0.00644968
950,0.90868002,0.70317912,-1.14898109,0.00168567
951,0.91757971,0.68845379,-1.14709687,0.00948328
952,0.92873907,0.69175732,-1.15804732,0.00330307
953,0.93608916,0.68267143,-1.15856576,0.00533982
954,0.81785166,0.58951783,-1.00817156,0.00162132
955,-0.79243940,-0.55618674,0.96812707,-0.00583208
956,-0.82435060,-0.57557905,1.00540793,0.00006335
957,0.80570930,0.53577608,-0.96748334,0.01412415
958,0.95710814,0.63828385,-1.15040910,0.00459272
959,0.81083649,0.53293478,-0.97029436,0.00204209
960,-0.73677099,-0.47268939,0.87535644,-0.00424061
961,0.81709510,0.50126863,-0.95846939,0.01585021
962,0.85088265,0.52376443,-0.99914974,0.00550617
963,-0.81793040,-0.48801565,0.95240062,-0.01013070
964,-0.86159688,-0.51640344,1.00450063,0.00045951
965,0.83157510,0.47281227,-0.95649475,0.01365281
966,1.00001884,0.56920052,-1.15065277,0.00502223
967,0.86439478,0.48501199,-0.99116725,0.00164342
968,-0.84013885,-0.46160239,0.95859587,-0.00200105
969,-0.84530228,-0.46267459,0.96362966,0.00465067
970,0.76271111,0.39066333,-0.85684776,0.01256904
971,-0.77345055,-0.39211169,0.86712694,-0.00825453
972,0.85351157,0.42152524,-0.95187002,0.01043731
973,1.01384282,0.50241166,-1.13150108,0.00035142
974,1.02125382,0.49602023,-1.13533938,-0.00026024
975,0.86371350,0.41329601,-0.95750058,-0.00269946
976,-0.79175615,-0.36098763,0.87014210,-0.00652575
977,0.86500835,0.38557896,-0.94703037,0.00663993
978,0.88549018,0.39810854,-0.97085410,-0.00506248
979,-0.77255601,-0.33259636,0.84110510,-0.00229374
980,0.78302491,0.32438383,-0.84753066,0.00667235
981,-0.80764180,-0.33511487,0.87440556,0.00146378
982,0.87560308,0.35021326,-0.94303930,0.00261995
983,1.04451859,0.42496216,-1.12757850,-0.01336643
984,1.05397582,0.41884449,-1.13408303,-0.01230859
985,0.91501445,0.36063221,-0.98340398,-0.01495525
986,-0.87487155,-0.33588472,0.93704915,0.01255737
987,-0.88936430,-0.34333080,0.95309216,0.02145308
988,0.79824340,0.28708604,-0.84828472,-0.00489011
989,-0.81045783,-0.28542322,0.85922790,0.00597545
990,0.89179224,0.30656984,-0.94299132,-0.00676253
991,1.05615461,0.36932570,-1.11864269,-0.02242035
992,0.90758955,0.31203762,-0.95952761,-0.01982585
993,-0.79759759,-0.27021909,0.84191561,0.01892928
994,0.82438022,0.26727831,-0.86651677,-0.01375008
995,-0.89429367,-0.29065526,0.94008380,0.02200407
996,-1.06267369,-0.35138747,1.11859703,0.03858890
997,-0.94027162,-0.30352533,0.98756540,0.03086981
998,0.90220976,0.27094483,-0.94190133,-0.01467841
999,1.07364500,0.32139337,-1.12047219,-0.02344135
1000,1.07011557,0.30985519,-1.11391246,-0.01887779
1001,1.06974566,0.30152839,-1.11130011,-0.01695006
1002,1.07257330,0.29601327,-1.11254072,-0.01703931
1003,0.92817998,0.25139239,-0.96149909,-0.01535609
1004,-0.81612289,-0.21204248,0.84316432,0.00961885
1005,0.81518793,0.20762949,-0.84114432,-0.01084458
1006,-0.81184012,-0.20371602,0.83690870,0.01297889
1007,0.82143861,0.19164628,-0.84348863,-0.00406769
1008,-0.81206143,-0.18421675,0.83268255,0.00440080
1009,0.84546292,0.18219160,-0.86487031,-0.00087810
1010,-0.91446888,-0.19872081,0.93576890,0.00894068
1011,-1.09555078,-0.24392056,1.12213445,0.02330137
1012,-0.93467605,-0.19653653,0.95502973,0.01281523
1013,0.85234052,0.15346785,-0.86600274,0.00871355
1014,-0.91171783,-0.16608697,0.92672217,-0.00060010
1015,-1.09693158,-0.20052537,1.11508429,0.00750830
1016,-1.10494447,-0.17734425,1.11904085,-0.01004025
1017,-1.09894753,-0.16617207,1.11138058,-0.01149592
1018,-1.10288441,-0.15879312,1.11420655,-0.01062654
1019,-1.10149157,-0.14993073,1.11159968,-0.01044990
1020,-0.93749255,-0.12398814,0.94564271,-0.00502810
1021,0.85998917,0.08470730,-0.86372691,0.02706497
1022,-0.92401332,-0.09459899,0.92868459,-0.01716354
1023,-1.10874033,-0.11748190,1.11492348,-0.00725939
1024,-0.94775039,-0.09215147,0.95219404,-0.00701731
1025,0.85417640,0.05807212,-0.85579491,0.02459356
1026,-0.90950847,-0.07942076,0.91296941,-0.00045651
1027,-0.93758547,-0.09004841,0.94178843,0.01448343
1028,0.85204417,0.05518891,-0.85378921,0.00830602
1029,-0.90712661,-0.05646802,0.90887344,-0.00405445
1030,-1.09719133,-0.07039961,1.09943414,0.00543812
1031,-0.97572285,-0.05329798,0.97717535,0.00203552
1032,0.93948746,0.03026017,-0.93989140,0.01251020
1033,1.12030828,0.04204096,-1.12109673,-0.00024003
1034,0.95791876,0.02534233,-0.95824742,0.00351828
1035,-0.85868335,-0.01127557,0.85871869,-0.00814877
1036,0.91255033,0.00063231,-0.91246003,0.01285233
1037,1.03549004,0.00578992,-1.03550589,0.00092001
1038,-1.03176057,0.00987742,1.03176892,-0.00895806
1039,-1.25408709,0.01192161,1.25414348,-0.00061606
1040,-1.23977935,0.02882601,1.24008548,-0.00847801
1041,-1.22611535,0.05170601,1.22701812,-0.02142229
1042,-1.21859860,0.06436218,1.22009206,-0.02237118
1043,-1.21280503,0.07332338,1.21486390,-0.01945031
1044,-1.20666254,0.08372179,1.20942426,-0.01835718
1045,-1.19504035,0.09541958,1.19869232,-0.01905794
1046,-1.18427038,0.10040458,1.18844759,-0.01303564
1047,-1.17728281,0.10900414,1.18226552,-0.01118017
1048,-1.17575550,0.12287730,1.18207181,-0.01435775
1049,-1.18037164,0.12873092,1.18734038,-0.00847489
1050,-1.03734791,0.11780132,1.04401159,-0.00274784
1051,0.97231770,-0.13586304,-0.98156673,0.01968032
1052,1.16860962,-0.16029942,-1.17951763,0.00907890
1053,1.01366210,-0.14860389,-1.02446580,0.00799372
1054,-0.96492517,0.15006620,0.97649670,-0.00739255
1055,-0.99388784,0.15385029,1.00572300,0.00204718
1056,0.86320370,-0.15628375,-0.87713307,0.01351638
1057,-0.84863263,0.15866722,0.86327803,-0.01018221
1058,0.86323744,-0.17216527,-0.88014328,0.01294811
1059,-0.85654235,0.17125070,0.87347919,-0.00506949
1060,0.85262102,-0.18043317,-0.87147427,0.00716625
1061,-0.86594379,0.17902501,0.88424295,0.00480263
1062,0.93104720,-0.20168021,-0.95263267,-0.00384099
1063,0.97417593,-0.20203984,-0.99468815,-0.02083801
1064,-0.86073744,0.18856011,0.88103187,0.01437542
1065,0.92940289,-0.21694399,-0.95434076,-0.00938952
1066,0.97609830,-0.22039783,-1.00036991,-0.02456165
1067,-0.86575401,0.21713272,0.89254612,0.00616055
1068,0.92485058,-0.24183041,-0.95593506,-0.00432352
1069,1.12119222,-0.28072232,-1.15550399,-0.02621763
1070,0.98636556,-0.25032818,-1.01732111,-0.02527791
1071,-0.92161655,0.24459471,0.95333815,0.01870916
1072,-0.96549940,0.24598676,0.99570286,0.03569638
1073,0.84958202,-0.23557784,-0.88147253,-0.01710959
1074,-0.89856046,0.24255626,0.93022966,0.03028452
1075,-0.94542336,0.24712381,0.97617233,0.04453236
1076,0.84772199,-0.24707545,-0.88279551,-0.01873420
1077,-0.91001922,0.26099873,0.94624287,0.02965940
1078,-0.97676647,0.27708548,1.01453757,0.03952943
1079,0.90576965,-0.28249079,-0.94866914,-0.01570570
1080,1.09403086,-0.33773944,-1.14461660,-0.02870826
1081,1.08736205,-0.34126490,-1.13931918,-0.02774087
1082,1.08190548,-0.35193130,-1.13752389,-0.02035769
1083,1.08059680,-0.36137018,-1.13930452,-0.01621385
1084,0.94874513,-0.31352541,-0.99895024,-0.02267064
1085,-0.89094561,0.29734415,0.93897897,0.02271650
1086,-0.92846841,0.30489600,0.97670084,0.03272234
1087,0.82524610,-0.29735902,-0.87715423,-0.00733991
1088,-0.86830485,0.31560388,0.92382467,0.01034510
1089,-1.06294477,0.37907460,1.12822926,0.02545558
1090,-0.91354632,0.33717784,0.97367352,0.01468533
1091,0.81513083,-0.32716298,-0.87830561,0.00729191
1092,-0.85969102,0.34054565,0.92468023,0.00254288
1093,-1.05448663,0.41602567,1.13353145,0.01122156
1094,-0.92911315,0.38059875,1.00404370,0.00172387
1095,0.86230367,-0.37953544,-0.94197434,0.01729467
1096,1.04096615,-0.46608388,-1.14037478,0.01975499
1097,0.91590732,-0.42134786,-1.00798500,0.01965796
1098,-0.84167469,0.40069535,0.93190074,-0.02311106
1099,-1.01928747,0.48573062,1.12894154,-0.01928954
1100,-0.89011788,0.43191347,0.98924732,-0.01577330
1101,0.83049709,-0.42773464,-0.93369484,0.02993709
1102,1.00797260,-0.51167846,-1.13023996,0.01952689
1103,0.87660909,-0.45346695,-0.98681945,0.01622615
1104,-0.81513822,0.42831308,0.92071509,-0.01364684
1105,-0.88449109,0.46133876,0.99756801,-0.00399794
1106,0.79651773,-0.43354586,-0.90676689,0.01327625
1107,0.96616739,-0.52433443,-1.09925795,0.00615494
1108,0.95801634,-0.53119963,-1.09540164,0.00797918
1109,0.95151544,-0.53205895,-1.09016311,0.00358342
1110,0.84136277,-0.47609663,-0.96672541,0.00115557
1111,-0.79174799,0.47046971,0.92087114,-0.01424729
1112,-0.96245497,0.56466097,1.11586607,-0.00207483
1113,-0.84285146,0.50061357,0.98031247,-0.00013837
1114,0.78067577,-0.49020708,-0.92167425,0.01655872
1115,0.94072300,-0.58675730,-1.10868812,0.00738839
1116,0.81172663,-0.51232320,-0.95987415,0.00411113
1117,-0.70027465,0.46117046,0.83837724,-0.01365218
1118,0.68286628,-0.46240097,-0.82451111,0.01739136
1119,-0.69393373,0.47062996,0.83839685,-0.01128469
1120,0.74677205,-0.52404326,-0.91208971,0.01955189
1121,0.79640728,-0.55817896,-0.97246599,0.01174849
1122,-0.67763394,0.49327242,0.83795798,-0.01821933
1123,0.66111696,-0.49743512,-0.82701004,0.02391078
1124,-0.67604715,0.51414782,0.84908140,-0.02117942
1125,0.72040761,-0.55639875,-0.91000831,0.02124910
1126,0.78670275,-0.60458189,-0.99211168,0.01161452
1127,-0.70884830,0.55897498,0.90261883,-0.01407961
1128,-0.87764341,0.69051743,1.11670542,-0.00641165
1129,-0.87000608,0.69532323,1.11371136,-0.00564357
1130,-0.75699228,0.60857618,0.97128886,0.00030339
1131,0.69836175,-0.58984017,-0.91400266,0.01482373
1132,0.74374503,-0.61867297,-0.96742588,-0.00021170
1133,-0.63891250,0.54912341,0.84243613,-0.00686143
1134,0.62116361,-0.55587792,-0.83340853,0.01657271
1135,-0.62782365,0.56317079,0.84333920,-0.01014152
1136,0.62123662,-0.57419640,-0.84581119,0.01548939
1137,-0.61479831,0.56995451,0.83829826,-0.00900980
1138,0.62658262,-0.59259999,-0.86236399,0.01043680
1139,-0.66881633,0.62238824,0.91359925,0.00433640
1140,-0.81450391,0.76448405,1.11703646,0.00905976
1141,-0.80343235,0.76654708,1.11042225,0.00777090
1142,-0.79482603,0.76551718,1.10347462,0.01042769
1143,-0.78761506,0.76617855,1.09873211,0.01244816
1144,-0.78280419,0.77176863,1.09920704,0.01237308
1145,-0.78348106,0.78219432,1.10702622,0.01279219
1146,-0.77852511,0.78227919,1.10353756,0.01633213
1147,-0.68336970,0.69170165,0.97219622,0.01673327
1148,0.62904185,-0.66422385,-0.91481304,-0.00203449
1149,0.66721225,-0.69821644,-0.96565664,-0.01362339
1150,-0.57495117,0.62654161,0.85036653,0.00021926
1151,0.60089999,-0.66259283,-0.89448720,-0.00166474
1152,0.75264907,-0.81522501,-1.10935485,-0.02010442
1153,0.83446360,-0.91255671,-1.23634470,-0.02326402
1154,0.82715440,-0.91126531,-1.23044169,-0.02454065
1155,0.81718683,-0.90512037,-1.21915066,-0.02662378
1156,0.70502090,-0.79439819,-1.06196797,-0.01863036
1157,-0.60136944,0.69261640,0.91719300,0.01094024
1158,0.59729898,-0.70974076,-0.92762733,-0.00237487
1159,-0.64303011,0.75667608,0.99290031,0.01397987
1160,-0.70095921,0.81560260,1.07508683,0.02720227
1161,0.63489652,-0.77875268,-1.00475693,-0.00356144
1162,0.77675307,-0.94438607,-1.22266328,-0.01745957
1163,0.67894763,-0.83167410,-1.07348883,-0.01653590
1164,-0.62815893,0.76816171,0.99207407,0.02109714
1165,-0.68144172,0.82068235,1.06611943,0.03565993
1166,0.60135484,-0.77019322,-0.97713137,-0.00628273
1167,0.73407358,-0.93127084,-1.18563557,-0.01994974
1168,0.70936954,-0.92789090,-1.16796184,-0.00720887
1169,0.70492268,-0.92383933,-1.16199851,-0.01243248
1170,0.68837696,-0.92745799,-1.15500402,-0.00263436
1171,0.61809719,-0.83130002,-1.03586566,-0.00929169
1172,-0.55831599,0.77167678,0.95247066,0.00113283
1173,-0.67675656,0.93830436,1.15687990,0.00656874
1174,-0.66094148,0.93322462,1.14356637,0.00278687
1175,-0.56938201,0.82004964,0.99833661,-0.00113859
1176,0.48059502,-0.74286574,-0.88443244,0.02450383
1177,-0.47190648,0.73159194,0.87039435,-0.01833427
1178,0.45744282,-0.73351550,-0.86410666,0.02487151
1179,-0.46461356,0.75215465,0.88380796,-0.02203998
1180,0.49455878,-0.81508780,-0.95309711,0.02371763
1181,0.54036230,-0.88187248,-1.03418219,0.01254775
1182,-0.48493254,0.81649137,0.94948137,-0.01740559
1183,-0.59685808,0.98607248,1.15263760,-0.00229986
1184,-0.51862943,0.86793888,1.01108539,-0.00090757
1185,0.42859450,-0.75859505,-0.87114716,0.01619793
1186,-0.42839035,0.74558735,0.85988927,-0.00302754
1187,0.45452031,-0.80392265,-0.92350918,0.00332824
1188,0.49683717,-0.86923021,-1.00117135,-0.00800153
1189,-0.44320261,0.80489683,0.91884929,-0.00186024
1190,-0.54499191,0.99227643,1.13208282,0.00414846
1191,-0.54207224,1.00482059,1.14170909,0.00265438
1192,-0.53508782,0.99926907,1.13349807,0.00629114
1193,-0.46840769,0.88956529,1.00534141,0.00455587
1194,0.41716820,-0.84279138,-0.94028938,0.01350965
1195,0.50592178,-1.01535475,-1.13440776,0.00458835
1196,0.44087425,-0.89313257,-0.99601978,0.00071053
1197,-0.39700177,0.83508164,0.92461103,-0.00813459
1198,-0.42295972,0.88616782,0.98193097,0.00003082
1199,0.35824871,-0.79276162,-0.86986214,0.01236319
1200,-0.36317208,0.83938825,0.91435015,-0.02074792
1201,-0.44320256,1.02688646,1.11831820,-0.01698350
1202,-0.43557543,1.03428686,1.12212753,-0.01746367
1203,-0.42668334,1.02784920,1.11281264,-0.01343611
1204,-0.36909029,0.90663284,0.97882670,-0.01044500
1205,0.29768717,-0.79955250,-0.85270804,0.02812199
1206,-0.29180267,0.78391719,0.83622772,-0.01995327
1207,0.28726944,-0.80398154,-0.85341769,0.02425436
1208,-0.31043869,0.86203426,0.91609848,-0.01545667
1209,-0.33758667,0.91521388,0.97549003,-0.00060249
1210,0.27505499,-0.81647205,-0.86135525,0.01868020
1211,-0.29120290,0.86481744,0.91245079,-0.01191218
1212,-0.31842613,0.93292964,0.98577505,-0.00055745
1213,0.27861536,-0.87924373,-0.92222613,0.01396151
1214,0.30605271,-0.94831365,-0.99647659,0.00123092
1215,-0.26873037,0.87360835,0.91398132,-0.00676392
1216,-0.29671222,0.95477450,0.99980998,0.00352486
1217,0.24779741,-0.87876326,-0.91291952,0.01436979
1218,0.30600843,-1.08115208,-1.12360322,0.00683206
1219,0.29537016,-1.06881726,-1.10887051,0.00447932
1220,0.25338498,-0.93526745,-0.96898305,0.00102962
1221,-0.20799340,0.81330729,0.83945793,-0.00635693
1222,0.20055561,-0.82080096,-0.84490371,0.00862891
1223,-0.22102277,0.87040132,0.89800274,0.00637701
1224,-0.24283805,0.92923325,0.96022451,0.02033775
1225,0.18381675,-0.82334429,-0.84358037,0.00752226
1226,-0.18585365,0.83229947,0.85279745,-0.00063751
1227,0.19292678,-0.88800973,-0.90872496,-0.00101390
1228,0.24041279,-1.08722436,-1.11340356,-0.01369944
1229,0.23246700,-1.08916163,-1.11362457,-0.01242901
1230,0.20908335,-0.97218800,-0.99423796,-0.01887557
1231,-0.18759795,0.90064204,0.91981882,0.01680453
1232,-0.22984914,1.09530401,1.11879015,0.02881278
1233,-0.20533489,0.95282304,0.97408050,0.03466010
1234,0.17339908,-0.90228605,-0.91865885,-0.01591291
1235,0.19034815,-0.97074157,-0.98887187,-0.02653358
1236,-0.16678117,0.89168626,0.90691513,0.02061989
1237,-0.18635328,0.95549589,0.97288024,0.03469961
1238,0.13613258,-0.83665597,-0.84763086,-0.00687124
1239,-0.14609259,0.88847220,0.90028876,0.01435499
1240,-0.16696398,0.96622145,0.98011220,0.02899895
1241,0.13753444,-0.91528940,-0.92550200,-0.01079192
1242,0.15164801,-0.98320407,-0.99460804,-0.02103151
1243,-0.13257621,0.91880637,0.92820340,0.01483532
1244,-0.16087267,0.98420209,0.99647212,0.03971309
1245,0.13412079,-0.90880030,-0.91830695,-0.02487249
1246,0.14743276,-0.97357136,-0.98407012,-0.03440535
1247,-0.10881408,0.83157462,0.83853114,0.01491188
1248,0.09831726,-0.84384894,-0.84952676,-0.00718864
1249,-0.10672034,0.90646744,0.91262531,0.01369108
1250,-0.12282803,0.96582621,0.97319478,0.02826582
1251,0.07938340,-0.85565376,-0.85932714,0.00139390
1252,-0.07573608,0.83796430,0.84137851,0.00152585
1253,0.06338081,-0.85048318,-0.85281193,0.00711806
1254,-0.06495786,0.86809176,0.87051737,-0.00156137
1255,0.04738500,-0.92291510,-0.92395800,0.01786848
1256,0.05713360,-1.12647951,-1.12783587,0.01436588
1257,0.04643282,-1.12822080,-1.12904847,0.01695823
1258,0.04199131,-1.11923587,-1.11995482,0.01238707
1259,0.03311579,-0.99921381,-0.99972850,0.00823670
1260,-0.01235935,0.92176992,0.92164510,-0.01956327
1261,-0.01591153,1.12204230,1.12206316,-0.01435784
1262,-0.00489246,1.10656667,1.10645306,-0.01659784
1263,-0.01492795,0.97681236,0.97691977,0.00359664
1264,-0.00899004,-0.86671853,-0.86665350,0.01391330
1265,0.00485834,0.95217001,0.95217663,-0.00330554
1266,-0.01628279,-1.02559507,-1.02569401,0.00788743
1267,-0.01447340,-1.23846102,-1.23853791,-0.00435116
1268,-0.02578249,-1.22929144,-1.22956181,-0.00007032
1269,-0.03541349,-1.22383797,-1.22434866,0.00197745
1270,-0.04207554,-1.23091638,-1.23163521,0.00042316
1271,-0.04355019,-1.08779347,-1.08866489,-0.00017579
1272,0.05152021,0.93673563,0.93811756,-0.00795670
1273,-0.06492370,-0.92103094,-0.92318398,0.01563269
1274,0.06780942,0.93295127,0.93535072,-0.01073374
1275,-0.07963596,-1.00374126,-1.00683677,0.01086858
1276,-0.07749622,-1.07908797,-1.08185792,-0.00444229
1277,0.08771392,1.00165308,1.00547099,-0.00553552
1278,0.08765378,1.05933917,1.06293869,0.00663780
1279,-0.10385050,-0.93103713,-0.93668449,0.01540230
1280,0.11378461,0.97568142,0.98220170,-0.01345769
1281,0.14213358,1.18650055,1.19493377,-0.01090555
1282,0.15581840,1.18883169,1.19890606,-0.01497408
1283,0.15954097,1.18216836,1.19284642,-0.00963156
1284,0.14381488,1.03982997,1.04972112,-0.00382092
1285,-0.16060559,-0.97627193,-0.98915136,0.02192458
1286,-0.18712690,-1.17123437,-1.18604231,0.01048088
1287,-0.16711496,-1.00083137,-1.01465595,0.00801585
1288,0.16102351,0.89072138,0.90507448,-0.01238160
1289,-0.18079923,-0.94285744,-0.95990717,0.01570662
1290,-0.18732846,-1.00072229,-1.01809788,0.00369943
1291,0.18163382,0.88234252,0.90075225,-0.01282687
1292,-0.20655644,-0.93906695,-0.96132994,0.01889544
1293,-0.24134292,-1.14664948,-1.17177069,0.00218822
1294,-0.22287795,-1.00920296,-1.03351080,0.00453636
1295,0.21589094,0.92807871,0.95282787,-0.00762357
1296,0.22230585,0.98974496,1.01437557,0.00756030
1297,-0.21742390,-0.84930301,-0.87658381,0.01376831
1298,0.21954229,0.85072374,0.87855673,-0.00823062
1299,-0.24894434,-0.92566431,-0.95848995,0.01116663
1300,-0.29390550,-1.11161673,-1.14981353,-0.00093817
1301,-0.30212229,-1.10806453,-1.14851427,-0.00035974
1302,-0.30221900,-1.09838223,-1.13918567,-0.00598694
1303,-0.31020445,-1.08815289,-1.13150084,-0.00309128
1304,-0.31578439,-1.08871329,-1.13357103,-0.00576589
1305,-0.32590997,-1.08976364,-1.13744748,-0.00393363
1306,-0.32813954,-1.08135176,-1.13002086,-0.00707367
1307,-0.28233805,-0.93139315,-0.97316337,-0.01269034
1308,0.26670507,0.82792646,0.86982268,0.00156017
1309,-0.28970063,-0.87265831,-0.91948849,0.00008057
1310,-0.35092637,-1.06618416,-1.12240005,-0.01077088
1311,-0.35281631,-1.06644440,-1.12317944,-0.01584041
1312,-0.30752686,-0.94127482,-0.98996937,-0.02306074
1313,0.29554513,0.87403631,0.92250329,0.01655561
1314,0.35467762,1.05433881,1.11204803,0.02785267
1315,0.36063188,1.04323721,1.10357308,0.02293112
1316,0.36254814,1.03123462,1.09289038,0.02183275
1317,0.36623487,1.02859926,1.09162521,0.02233854
1318,0.37288779,1.02470207,1.09026647,0.01945661
1319,0.37641618,1.01996350,1.08703232,0.01937535
1320,0.38162333,1.01506805,1.08429277,0.01756917
1321,0.39357167,1.01863980,1.09195411,0.01272893
1322,0.40382802,1.01422250,1.09163916,0.00695164
1323,0.35313186,0.89245844,0.95968992,0.01339809
1324,-0.33989537,-0.84106189,-0.90708476,-0.01054465
1325,-0.35810295,-0.89940882,-0.96784401,-0.02125489
1326,0.34239358,0.83253169,0.90009093,0.01336303
1327,0.41499051,1.01061809,1.09228075,0.02210668
1328,0.37035039,0.88137311,0.95590293,0.01508554
1329,-0.36525685,-0.81875670,-0.89653403,0.00139395
1330,-0.37888175,-0.85687709,-0.93687737,-0.00710496
1331,0.34410578,0.74426961,0.81996036,-0.00330563
1332,-0.35331082,-0.73568869,-0.81606281,0.01038795
1333,0.35400975,0.73851883,0.81897044,-0.00451830
1334,-0.37109017,-0.75484592,-0.84109366,0.00786512
1335,0.40747353,0.81332934,0.90964156,-0.00956469
1336,0.43121257,0.86776978,0.96900374,-0.00065179
1337,-0.42433566,-0.80532682,-0.91012466,0.01688436
1338,-0.45377904,-0.87096691,-0.98206699,0.00657713
1339,0.42830259,0.79598516,0.90381706,-0.01225094
1340,0.52401930,0.97511041,1.10697377,-0.00675762
1341,0.52826393,0.97176766,1.10606182,-0.00473063
1342,0.46290600,0.84629202,0.96462017,-0.00039472
1343,-0.46321464,-0.79150242,-0.91683483,0.02139380
1344,-0.54672623,-0.95076460,-1.09671676,0.00867985
1345,-0.53983521,-0.93783885,-1.08210969,0.00150910
1346,-0.53890336,-0.93049127,-1.07527912,-0.00239477
1347,-0.54461104,-0.92669439,-1.07487679,-0.00189959
1348,-0.48230749,-0.80973989,-0.94249463,-0.00172387
1349,0.47115347,0.76547527,0.89883333,-0.00605604
1350,0.49264169,0.81698179,0.95398200,0.00857230
1351,-0.48814777,-0.77369291,-0.91480070,0.00534971
1352,-0.52113891,-0.82476866,-0.97561735,-0.00003205
1353,0.49056637,0.75864792,0.90343052,-0.00391641
1354,0.59768260,0.91809529,1.09550095,-0.00106152
1355,0.59692788,0.90703982,1.08583796,0.00032576
1356,0.51672989,0.77330595,0.93005997,-0.00056604
1357,-0.47452167,-0.67669290,-0.82637089,0.01397348
1358,0.48646811,0.68679392,0.84153974,-0.01216482
1359,-0.53882581,-0.73674345,-0.91252488,0.02055440
1360,-0.65262425,-0.88372195,-1.09837925,0.02112445
1361,-0.57599723,-0.77483100,-0.96537745,0.01350414
1362,0.55055898,0.72100651,0.90700543,-0.01751405
1363,0.56721503,0.74953228,0.93993998,-0.00666415
1364,-0.52777028,-0.65724355,-0.84256905,0.02424821
1365,0.56594670,0.71336257,0.91049862,-0.01319496
1366,0.59640813,0.75373399,0.96113968,-0.00529622
1367,-0.58700365,-0.70707333,-0.91876125,0.02009387
1368,-0.61887574,-0.75615710,-0.97710806,0.00637348
1369,0.58819515,0.69887733,0.91338032,-0.01180526
1370,0.71337658,0.84504342,1.10587084,-0.00736741
1371,0.61962205,0.72787154,0.95588642,-0.00308115
1372,-0.55536181,-0.62168521,-0.83345193,0.01664670
1373,0.55980957,0.62283838,0.83735228,-0.01246764
1374,-0.61986285,-0.67707807,-0.91784763,0.01484700
1375,-0.64817458,-0.71366626,-0.96407211,0.00386323
1376,0.61942035,0.66882586,0.91157883,-0.00580509
1377,0.64315349,0.69917125,0.94998330,0.00429844
1378,-0.57554233,-0.59813178,-0.83001411,0.00933562
1379,0.58195847,0.60538304,0.83973682,-0.00253742
1380,-0.64035112,-0.65600026,-0.91672033,0.00312520
1381,-0.68275869,-0.71271461,-0.98688835,-0.01315142
1382,0.71205360,0.72028625,1.01282763,0.00357745
1383,0.88632828,0.89606220,1.26029670,0.01255466
1384,0.87463540,0.87892735,1.23986220,0.01555717
1385,0.73901331,0.73816830,1.04441178,0.01540623
1386,-0.69583613,-0.65900648,-0.95835257,0.00615265
1387,0.74288017,0.70496041,1.02412701,0.00197573
1388,0.88720000,0.84266311,1.22355318,0.01105907
1389,0.75868231,0.71783799,1.04437208,0.01330610
1390,-0.69723171,-0.63175571,-0.94087070,0.00310657
1391,0.73340076,0.67445111,0.99631280,0.01103172
1392,0.87521350,0.82137704,1.19983876,0.03233983
1393,0.87869847,0.81090522,1.19540846,0.02601459
1394,0.87098241,0.79862040,1.18140244,0.02632636
1395,0.86897290,0.78631234,1.17170346,0.02262475
1396,0.87204468,0.78500462,1.17307675,0.02419571
1397,0.87348449,0.78107870,1.17151916,0.02452961
1398,0.75758934,0.66881776,1.01040888,0.01824089
1399,-0.67613667,-0.56772548,-0.88287508,0.00215163
1400,0.68650430,0.57102007,0.89294523,-0.00091058
1401,-0.75686520,-0.62396222,-0.98090440,-0.00056088
1402,-0.78574741,-0.66089582,-1.02659774,-0.01671554
1403,0.74534804,0.63125914,0.97646350,0.02346797
1404,0.76397419,0.65852880,1.00795007,0.03678851
1405,-0.69908732,-0.57179773,-0.90307099,-0.01177065
1406,0.74688643,0.60830563,0.96314585,0.01500702
1407,0.89899498,0.73988086,1.16394699,0.02903429
1408,0.77926981,0.63248175,1.00342870,0.02062713
1409,-0.71340096,-0.54473031,-0.89757812,0.00505443
1410,0.75324887,0.58030373,0.95085174,0.00413541
1411,0.91295439,0.70233744,1.15180969,0.00989479
1412,0.92039704,0.69290376,1.15205836,0.00276763
1413,0.91373920,0.68260580,1.14054930,0.00414876
1414,0.92516881,0.67101496,1.14287186,-0.00650066
1415,0.93666691,0.65632898,1.14357889,-0.01843648
1416,0.80594915,0.56228447,0.98264956,-0.01084264
1417,-0.72112453,-0.47309142,-0.86198097,0.02872165
1418,0.71574181,0.46994975,0.85596049,-0.02169526
1419,-0.72874075,-0.45932782,-0.86083704,0.03169714
1420,0.72835481,0.46269718,0.86262029,-0.02180694
1421,-0.74675226,-0.45782462,-0.87542039,0.02968910
1422,0.80096763,0.50094414,0.94458371,-0.01599217
1423,0.82768649,0.52499628,0.98014021,-0.00333467
1424,-0.76462322,-0.45591819,-0.88995618,0.02209377
1425,0.79639608,0.48461071,0.93222111,-0.00762487
1426,0.96318877,0.58487111,1.12685359,-0.00282691
1427,0.97208595,0.57956809,1.13173604,-0.00488269
1428,0.84496313,0.50331420,0.98350638,0.00175694
1429,-0.82467681,-0.46395978,-0.94609123,0.01618559
1430,-0.88298237,-0.50147593,-1.01543236,0.00574452
1431,0.83495784,0.45978102,0.95310950,-0.01163271
1432,1.00566697,0.55640960,1.14932382,-0.00355981
1433,0.86958855,0.47594553,0.99131584,-0.00113717
1434,-0.85042697,-0.43861645,-0.95669359,0.01864803
1435,-0.86368901,-0.45059985,-0.97414178,0.00683489
1436,0.77950269,0.39420795,0.87344074,-0.01120796
1437,-0.84314525,-0.41503698,-0.93963301,0.01547048
1438,-1.01269317,-0.50312716,-1.13077414,0.00584574
1439,-0.87301606,-0.41946825,-0.96849823,0.01103893
1440,0.79425687,0.36488399,0.87386364,-0.01862171
1441,-0.85587287,-0.38042110,-0.93629867,0.02415441
1442,-1.03669310,-0.45943817,-1.13374758,0.02079752
1443,-0.90372753,-0.39490372,-0.98613328,0.01461643
1444,0.86569262,0.37287092,0.94251072,-0.01140232
1445,0.90435845,0.39154258,0.98547637,-0.00246871
1446,-0.86935514,-0.35355559,-0.93834960,0.01673164
1447,-0.90109152,-0.37038434,-0.97422665,0.00573619
1448,0.78558826,0.30813187,0.84376526,-0.01242368
1449,-0.78282255,-0.29463980,-0.83625579,0.01731912
1450,0.80602372,0.30014119,0.85998237,-0.01375614
1451,-0.89080602,-0.32402706,-0.94779313,0.01473448
1452,-0.93326592,-0.34460720,-0.99485362,0.00239390
1453,0.88444734,0.31624591,0.93927240,-0.00510201
1454,0.93845958,0.34277442,0.99906039,0.00888467
1455,-0.89254063,-0.30052286,-0.94172728,0.00961923
1456,-1.07276511,-0.36337870,-1.13263786,0.00056969
1457,-0.91376680,-0.30623132,-0.96370977,-0.00330855
1458,0.82299834,0.26790422,0.86550391,0.00138080
1459,-0.88816696,-0.28029856,-0.93134719,0.00038787
1460,-0.93469399,-0.29879057,-0.98123604,-0.01021789
1461,0.88279486,0.27339357,0.92413330,0.00695680
1462,0.91812742,0.29024965,0.96272361,0.01913272
1463,-0.81210649,-0.23549916,-0.84556234,-0.00109270
1464,0.81832612,0.23767895,0.85211223,0.00732056
1465,-0.90739703,-0.25402069,-0.94226921,-0.00496668
1466,-0.94813728,-0.27329248,-0.98655182,-0.01919605
1467,0.90250421,0.25190967,0.93687856,0.01519367
1468,0.92724258,0.25960460,0.96265346,0.02171677
1469,-0.84595197,-0.21648888,-0.87320280,-0.00436144
1470,0.89985585,0.23109329,0.92898673,0.01132458
1471,1.08021188,0.28859344,1.11767232,0.03086191
1472,1.08316052,0.29186639,1.12117374,0.03731178
1473,0.93061775,0.24659212,0.96224731,0.03061427
1474,-0.82498997,-0.19835483,-0.84843522,-0.01052633
1475,0.83550614,0.20012401,0.85901570,0.01456573
1476,-0.90794468,-0.20903783,-0.93161649,-0.01229476
1477,-0.96400499,-0.22887634,-0.99049038,-0.02487466
1478,0.91951030,0.20476457,0.94192827,0.01410449
1479,1.10476696,0.24641642,1.13168609,0.02275012
1480,0.95483625,0.21518643,0.97845519,0.02535895
1481,-0.84585768,-0.16786401,-0.86234742,-0.00323034
1482,0.82548082,0.16157734,0.84112716,0.00555908
1483,-0.84841818,-0.16816898,-0.86483610,-0.01235906
1484,0.90888751,0.18071982,0.92650175,0.01818232
1485,0.93699586,0.19964705,0.95735890,0.03583487
1486,-0.85470682,-0.15482233,-0.86857945,-0.00796488
1487,0.91861260,0.17001076,0.93406433,0.01663017
1488,0.98267245,0.18329442,0.99935126,0.02321753
1489,-0.92702538,-0.14838733,-0.93882596,-0.00076065
1490,-1.11974370,-0.18680109,-1.13512814,-0.01430010
1491,-0.98362273,-0.15742619,-0.99609303,-0.00975930
1492,0.93097466,0.13632828,0.94090313,0.00077428
1493,1.11394715,0.16075918,1.12547898,0.00432581
1494,1.11814439,0.14458972,1.12743294,-0.00694796
1495,1.11222041,0.13058980,1.11977959,-0.01347588
1496,0.96586263,0.11286169,0.97241646,-0.00588670
1497,-0.85579079,-0.07798914,-0.85905230,0.02212290
1498,0.86431897,0.07840441,0.86770803,-0.01665291
1499,-1.05520046,-0.08207075,-1.05804586,0.02687594
1500,-1.08016050,-0.09518246,-1.08431828,0.00777140
1501,0.97053415,0.07045872,0.97295868,-0.01588333
1502,-1.03786504,-0.06395759,-1.03961933,0.02112273
1503,-1.07631636,-0.07903653,-1.07921374,0.00105575
1504,0.96029830,0.05690534,0.96194130,-0.00894736
1505,-1.02858067,-0.06173180,-1.03042912,0.00214017
1506,-1.07697630,-0.06995021,-1.07920408,-0.00945637
1507,1.01155806,0.05466358,1.01303029,0.00273659
1508,1.21981072,0.06498291,1.22150707,0.00901508
1509,1.22060716,0.04608960,1.22147000,-0.00416954
1510,1.21920204,0.04634656,1.22007740,0.00358540
1511,1.04192638,0.03645195,1.04254985,0.00539767
1512,-0.93604451,-0.00824532,-0.93596327,0.01483854
1513,0.91470367,0.00435522,0.91463649,-0.01191514
1514,-0.91661274,0.00735824,-0.91647410,0.01755875
1515,0.94137585,-0.01035004,0.94132757,-0.01407551
1516,-1.00948989,0.01525972,-1.00953138,0.01220957
1517,-1.21545684,0.00527111,-1.21544898,-0.00684675
1518,-1.03971231,0.01537088,-1.03982592,-0.00033214
1519,0.93869120,-0.03826415,0.93928623,-0.01861810
1520,-0.99956942,0.05582659,-1.00075030,0.02746913
1521,-1.20830667,0.06232085,-1.20978057,0.01787905
1522,-1.04257464,0.05995655,-1.04421282,0.01327067
1523,0.92107534,-0.07133070,0.92354023,-0.02326369
1524,-0.98131001,0.08197337,-0.98446453,0.02276987
1525,-1.18702471,0.09317280,-1.19061804,0.01170919
1526,-1.17891169,0.10697438,-1.18363261,0.01703179
1527,-1.16966629,0.11554009,-1.17524159,0.01661204
1528,-1.16519356,0.12048965,-1.17134261,0.01226203
1529,-1.16335881,0.12793615,-1.17032385,0.01065007
1530,-0.99761927,0.11337264,-1.00402820,0.00500244
1531,0.88326228,-0.11280343,0.89037508,-0.01044247
1532,-0.96488982,0.13166764,-0.97375226,0.01246102
1533,-1.01408064,0.13199906,-1.02263474,-0.00123494
1534,0.95668221,-0.13563296,0.96624297,-0.00341098
1535,1.00567937,-0.13838054,1.01512575,0.00774706
1536,-0.95582533,0.14997214,-0.96750629,0.00502258
1537,-0.99111861,0.14842990,-1.00213099,-0.00899663
1538,0.87049890,-0.14254893,0.88209260,0.00112284
1539,-0.93532383,0.16376579,-0.94954795,0.00294453
1540,-1.12534201,0.18956509,-1.14113557,-0.01178821
1541,-1.12396216,0.20082918,-1.14174318,-0.00676630
1542,-1.12425351,0.20274828,-1.14232838,-0.01177398
1543,-1.11956525,0.21092181,-1.13922441,-0.00906500
1544,-0.97931147,0.18494220,-0.99653482,-0.01314423
1545,0.92763317,-0.18510683,0.94588941,0.00781116
1546,0.97704291,-0.18937872,0.99503601,0.01951044
1547,-0.92319369,0.19664282,-0.94388759,-0.00558693
1548,-0.97096068,0.20131849,-0.99146390,-0.01712247
1549,0.91069448,-0.19595876,0.93143916,0.01361354
1550,0.94288284,-0.19534373,0.96254313,0.02641742
1551,-0.84286654,0.19444712,-0.86497033,-0.00775045
1552,0.91579467,-0.19907023,0.93683463,0.02548950
1553,0.96356243,-0.20361538,0.98416799,0.03640236
1554,-0.91506970,0.21331915,-0.93943554,-0.01784869
1555,-0.95179760,0.22008762,-0.97660279,-0.02458200
1556,0.82836115,-0.20065008,0.85217148,0.01569617
1557,-0.82069886,0.21404134,-0.84813845,-0.00463795
1558,0.82708937,-0.21704870,0.85505790,0.00793069
1559,-0.85574102,0.23108093,-0.88636905,-0.00639783
1560,0.90520072,-0.24095453,0.93660283,0.01492204
1561,1.10684180,-0.28531092,1.14256966,0.03218298
1562,1.10496962,-0.28818545,1.14149880,0.03145497
1563,0.94762319,-0.23626874,0.97583264,0.03953832
1564,-0.83509082,0.23138784,-0.86643922,-0.01414433
1565,0.82677644,-0.22897783,0.85771924,0.01754155
1566,-0.82537246,0.24258238,-0.86025155,-0.00729242
1567,0.81891763,-0.24122608,0.85364264,0.01050577
1568,-0.83934540,0.25717178,-0.87784600,-0.00493889
1569,0.90738386,-0.27207428,0.94717211,0.01532385
1570,0.97113776,-0.28645056,1.01220477,0.02457704
1571,-0.90070808,0.29065800,-0.94644332,-0.00149236
1572,-1.08956242,0.35285613,-1.14525914,-0.00592654
1573,-1.08711672,0.36094525,-1.14546895,-0.00223150
1574,-0.95188588,0.33389103,-1.00869286,0.01042748
1575,0.88894993,-0.32524133,0.94642603,-0.01708155
1576,1.07321572,-0.39016125,1.14188159,-0.01115046
1577,1.06223643,-0.39717886,1.13396788,-0.01463591
1578,0.91894895,-0.34673104,0.98214179,-0.00933797
1579,-0.88181478,0.35268646,-0.94946891,0.02222258
1580,-0.92583233,0.37223038,-0.99769086,0.01827303
1581,0.85953790,-0.35703337,0.93049413,-0.02142106
1582,0.92102301,-0.38082862,0.99654716,-0.01440839
1583,-0.85043728,0.37230548,-0.92798430,0.02646171
1584,-1.03033054,0.43666515,-1.11899555,0.01032385
1585,-1.01598752,0.43569559,-1.10544121,0.00780382
1586,-1.00717235,0.43893880,-1.09863949,0.00739521
1587,-1.00209916,0.44230115,-1.09535408,0.00569899
1588,-0.86510479,0.38927069,-0.94863170,0.00599369
1589,0.77407897,-0.36506158,0.85570276,-0.01552141
1590,-0.82301003,0.39854690,-0.91421646,0.01983601
1591,-1.01018620,0.48336270,-1.11981940,0.01095453
1592,-1.01034558,0.48888850,-1.12238193,0.00829370
1593,-0.88407713,0.43310884,-0.98445117,0.00561019
1594,0.82899576,-0.41715685,0.92799008,-0.00939626
1595,1.00214744,-0.50457430,1.12199676,-0.00425529
1596,0.87115645,-0.44093290,0.97638893,0.00032380
1597,-0.82203537,0.43384928,-0.92944288,0.01016576
1598,-0.87522519,0.46291852,-0.99009430,0.00509776
1599,0.80089521,-0.44404355,0.91559756,-0.01699604
1600,0.97301942,-0.54251796,1.11393940,-0.01521787
1601,0.95650840,-0.54250091,1.09954345,-0.01482518
1602,0.82275701,-0.47132754,0.94814742,-0.00976185
1603,-0.71656233,0.43689382,-0.83885336,0.02574482
1604,0.72521597,-0.44256896,0.84936631,-0.01955219
1605,-0.77721477,0.48889562,-0.91781187,0.02651532
1606,-0.94164020,0.58089906,-1.10632861,0.01291557
1607,-0.81650412,0.51363599,-0.96454597,0.01232966
1608,0.77011949,-0.49226108,0.91393340,-0.01143657
1609,0.80998468,-0.50937456,0.95683485,0.00217219
1610,-0.71255988,0.47875056,-0.85825342,0.01856532
1611,0.75036532,-0.50113893,0.90227014,-0.00984841
1612,0.91256297,-0.60818213,1.09665346,-0.00282145
1613,0.91639417,-0.62268817,1.10792243,-0.00517205
1614,0.91289574,-0.62264514,1.10501802,0.00079239
1615,0.79550099,-0.53954095,0.96116388,0.00950025
1616,-0.75106442,0.53676987,-0.92312127,0.00816450
1617,-0.77549881,0.54644042,-0.94866854,-0.00485428
1618,0.68512970,-0.49906769,0.84761870,-0.00372582
1619,-0.72560722,0.54047388,-0.90474492,0.00737473
1620,-0.78105682,0.57501447,-0.96988189,-0.00452424
1621,0.75053757,-0.55980355,0.93630528,0.00437728
1622,-0.73933119,0.57033968,-0.93374169,0.00493476
1623,0.75321376,-0.58228230,0.95204157,0.00068592
1624,-0.81421852,0.63650006,-1.03347969,-0.00195558
1625,-0.86516416,0.66548252,-1.09135914,-0.01764548
1626,0.80089617,-0.62921852,1.01844466,0.01099937
1627,0.83928603,-0.64957368,1.06099939,0.02504280
1628,-0.73597157,0.60229439,-0.95100600,-0.00049364
1629,0.78363073,-0.63828611,1.01064348,0.00927475
1630,0.94865471,-0.76020354,1.21535766,0.02758652
1631,0.81523728,-0.64859402,1.04131627,0.03076766
1632,-0.71827340,0.59702736,-0.93394023,-0.01067952
1633,0.76961690,-0.63078177,0.99481058,0.02340432
1634,0.82202137,-0.66723299,1.05818510,0.03410699
1635,-0.76196396,0.64405996,-0.99758601,-0.01498118
1636,-0.80110341,0.67105794,-1.04472983,-0.02500463
1637,0.70124072,-0.60584271,0.92663842,0.01118941
1638,-0.73245227,0.64640331,-0.97687578,-0.00611457
1639,-0.90245253,0.78920311,-1.19870818,-0.01900267
1640,-0.89686447,0.79055506,-1.19540858,-0.01847321
1641,-0.76280683,0.67341864,-1.01736140,-0.01851117
1642,0.68148702,-0.61453092,0.91758603,0.01042293
1643,-0.72940218,0.65290022,-0.97874504,-0.01908532
1644,-0.78595275,0.69594789,-1.04936719,-0.02989211
1645,0.71746784,-0.65150928,0.96897286,0.01777887
1646,0.86826879,-0.78724605,1.17172658,0.02653519
1647,0.74577856,-0.67802614,1.00764275,0.02369052
1648,-0.64143825,0.61778569,-0.89056003,0.00224181
1649,0.62351853,-0.60034508,0.86555445,0.00226775
1650,-0.63672614,0.63159525,-0.89681983,0.00684352
1651,0.69346321,-0.67871755,0.97032475,0.00429844
1652,0.72977376,-0.71264535,1.01996505,0.01021213
1653,-0.61969870,0.63710427,-0.88871682,0.01052098
1654,0.60807836,-0.63566905,0.87958550,-0.01280133
1655,-0.61599958,0.66092753,-0.90326953,0.01961873
1656,0.67000484,-0.71041209,0.97647756,-0.00913484
1657,0.71489555,-0.74422759,1.03194845,0.00571708
1658,-0.65794617,0.72133011,-0.97620219,0.01547850
1659,-0.70046598,0.76177144,-1.03485048,0.00572413
1660,0.64562428,-0.71504611,0.96335101,-0.00874112
1661,0.69468892,-0.76293832,1.03182685,0.00092524
1662,-0.63354093,0.72160637,-0.96018314,0.01175437
1663,-0.67298621,0.76052833,-1.01553357,0.00230344
1664,0.57256889,-0.65519094,0.87011653,-0.00275126
1665,-0.56112480,0.65595388,-0.86318249,0.00725491
1666,0.56576139,-0.66462249,0.87280518,-0.00448897
1667,-0.55888301,0.67440355,-0.87581009,0.01127031
1668,0.54939228,-0.66024923,0.85892016,-0.00413408
1669,-0.56349081,0.69765097,-0.89670712,0.01245543
1670,0.61038303,-0.74559373,0.96357483,-0.00103647
1671,0.66071802,-0.79042053,1.03009200,0.01494958
1672,-0.59637845,0.75576055,-0.96267962,0.00944498
1673,-0.72526443,0.90910190,-1.16295815,-0.00177715
1674,-0.71944690,0.91703892,-1.16557312,0.00183468
1675,-0.70800674,0.91295850,-1.15531921,0.00204146
1676,-0.61879003,0.79948300,-1.01097310,-0.00275904
1677,0.57848346,-0.76115197,0.95603049,-0.00103303
1678,0.61492598,-0.80655032,1.01421070,0.00584441
1679,-0.55474532,0.77855015,-0.95574409,0.02088327
1680,-0.58515358,0.81572783,-1.00383258,0.01169904
1681,0.50076556,-0.72689575,0.88242990,-0.02147020
1682,-0.52791834,0.77996176,-0.94152087,0.02401357
1683,-0.57685977,0.84091401,-1.01968563,0.01203430
1684,0.51859784,-0.78262436,0.93864101,-0.01994094
1685,0.63416123,-0.96094507,1.15119135,-0.01828090
1686,0.62278736,-0.95455033,1.13964498,-0.01548643
1687,0.53503138,-0.82128364,0.98016256,-0.00683309
1688,-0.45311198,0.74003708,-0.86738139,0.02479697
1689,0.45532215,-0.73778433,0.86684430,-0.01499523
1690,-0.48902628,0.80490828,-0.94168019,0.01620221
1691,-0.52800936,0.85335678,-1.00349820,0.00175263
1692,0.48209101,-0.80594474,0.93907380,-0.00994997
1693,0.51855183,-0.84781086,0.99380195,0.00608626
1694,-0.43482083,0.75005960,-0.86692077,0.01034342
1695,0.42578697,-0.73684376,0.85100102,-0.00552061
1696,-0.43566540,0.77494287,-0.88894904,0.01050729
1697,0.46603161,-0.81814629,0.94156694,0.00069144
1698,0.56642175,-0.99386263,1.14391077,0.00803382
1699,0.56126469,-0.99525452,1.14257181,0.00889646
1700,0.49127972,-0.87114251,1.00003862,0.01295652
1701,-0.44903424,0.83935368,-0.95190787,0.00421540
1702,-0.48489541,0.88727415,-1.01106822,-0.01096008
1703,0.44146839,-0.83436984,0.94396108,0.00221839
1704,0.53878385,-1.00420272,1.13949978,0.01584548
1705,0.46262485,-0.86882097,0.98420095,0.01483525
1706,-0.39226449,0.78072947,-0.87372613,0.00354956
1707,0.42079839,-0.82499313,0.92608237,0.00751310
1708,0.45323315,-0.86620486,0.97734010,0.02318599
1709,-0.38634354,0.78731203,-0.87699461,-0.00140480
1710,0.41686735,-0.82797521,0.92685479,0.01616868
1711,0.52238798,-1.00309658,1.13025689,0.04014464
1712,0.46060711,-0.89433438,1.00544655,0.03271223
1713,-0.41345823,0.84577215,-0.94132972,-0.01328771
1714,-0.50236714,1.01745558,-1.13443828,-0.02526471
1715,-0.43279478,0.87068069,-0.97194350,-0.02686975
1716,0.36683920,-0.77596641,0.85825962,0.00923449
1717,-0.36319846,0.78711885,-0.86685854,-0.00504261
1718,0.39541996,-0.84141564,0.92955571,0.01623175
1719,0.47779378,-1.01840866,1.12468350,0.02302676
1720,0.47282365,-1.02402401,1.12775004,0.01915989
1721,0.46695548,-1.02421749,1.12551355,0.01698226
1722,0.47551608,-1.01357114,1.11910045,0.03250027
1723,0.46974134,-1.00795329,1.11160469,0.03100631
1724,0.45906752,-1.00915289,1.10843778,0.02232389
1725,0.45314145,-1.00757015,1.10459864,0.01991069
1726,0.44612381,-1.01071692,1.10469747,0.01478960
1727,0.43835562,-1.01701236,1.10743046,0.00822010
1728,0.43186229,-1.01293337,1.10112798,0.00749875
1729,0.37412065,-0.87636906,0.95283049,0.01014999
1730,-0.30609080,0.78284913,-0.84044206,0.01419606
1731,0.31282011,-0.79530150,0.85457098,-0.00831824
1732,-0.33096159,0.85026199,-0.91237074,0.00779077
1733,-0.39430881,1.04326916,-1.11519468,0.01518220
1734,-0.38270807,1.04724205,-1.11478078,0.02109509
1735,-0.32617849,0.90539932,-0.96222025,0.01650849
1736,0.27163285,-0.80162483,0.84600323,-0.02579276
1737,-0.26111636,0.80289298,-0.84372658,0.03073061
1738,0.25928339,-0.79544717,0.83628845,-0.02419865
1739,-0.25287929,0.81149930,-0.84945077,0.03020648
1740,0.25669834,-0.82965344,0.86805129,-0.02656714
1741,-0.30069950,0.99558485,-1.03952074,0.03171457
1742,-0.37113282,1.21649241,-1.27159512,0.02528356
1743,-0.36466283,1.19445312,-1.24879146,0.01474105
1744,-0.31897321,1.02054322,-1.06922853,-0.00169944
1745,0.26671568,-0.90468574,0.94313884,-0.00908560
1746,-0.27539140,0.96334642,-1.00186515,0.01195934
1747,-0.33232626,1.16669607,-1.21307719,0.00800062
1748,-0.31994656,1.16750634,-1.21048582,0.01268892
1749,-0.31864759,1.18116689,-1.22335649,0.00951288
1750,-0.31288138,1.17257714,-1.21359265,0.00499160
1751,-0.26688939,1.00361049,-1.03849065,-0.00103104
1752,0.22591154,-0.90269965,0.93050635,-0.00778492
1753,-0.23328824,0.96891975,-0.99654567,0.01120271
1754,-0.28080899,1.16727102,-1.20055807,0.00597080
1755,-0.24179184,1.01060951,-1.03913176,0.00007698
1756,0.19469476,-0.88288212,0.90402573,-0.01115064
1757,-0.18376844,0.87959421,-0.89845639,0.01526204
1758,0.17765419,-0.87490147,0.89264458,-0.01411484
1759,-0.16536717,0.88727468,-0.90226865,0.02267306
1760,0.16322559,-0.89509714,0.90964776,-0.01955600
1761,-0.17217523,0.96822894,-0.98324960,0.01821641
1762,-0.20817810,1.16351807,-1.18193567,0.01184518
1763,-0.19294332,1.16606116,-1.18176627,0.01882760
1764,-0.18936683,1.15582907,-1.17118537,0.01119314
1765,-0.16020726,0.99017507,-1.00304246,0.00433352
1766,0.13113500,-0.88289857,0.89253211,-0.00963373
1767,-0.13186286,0.95481533,-0.96378154,0.01361208
1768,-0.14706208,1.00341654,-1.01413488,-0.00151709
1769,0.11618529,-0.89328003,0.90077066,-0.00777650
1770,-0.11240778,0.95200628,-0.95853066,0.01305621
1771,-0.14572282,1.15871608,-1.16784227,-0.00152144
1772,-0.13017322,1.03020871,-1.03836703,-0.00830108
1773,0.11036941,-0.95429081,0.96064788,0.00281479
1774,0.13060221,-1.14713621,1.15451753,0.00823164
1775,0.12415760,-1.14511752,1.15179932,0.00820717
1776,0.11917888,-1.13784683,1.14402688,0.01007592
1777,0.10550269,-0.99374431,0.99921185,0.01530475
1778,-0.07968692,0.95194823,-0.95527536,0.00212899
1779,-0.08991481,1.00536954,-1.00933504,-0.00976040
1780,0.07237996,-0.94153136,0.94430679,0.00221599
1781,0.09162605,-1.13547313,1.13908267,0.01361766
1782,0.08188914,-1.12567461,1.12860703,0.00975685
1783,0.07752375,-1.11201704,1.11465371,0.01177543
1784,0.06993050,-1.10803652,1.11019897,0.00964929
1785,0.06606068,-1.11468303,1.11658609,0.01085803
1786,0.06388123,-1.11029851,1.11204505,0.01412036
1787,0.05239948,-0.96094924,0.96228218,0.01349631
1788,-0.02730958,0.84457594,-0.84501177,0.00305861
1789,0.03076897,-0.83060610,0.83115584,0.00577257
1790,-0.02291588,0.84723240,-0.84754026,-0.00183455
1791,0.03415424,-0.91648018,0.91697025,0.01637111
1792,0.04687335,-0.96011668,0.96071631,0.03233155
1793,-0.01689619,0.85466510,-0.85480881,-0.00630273
1794,0.02221956,-0.92178643,0.92192632,0.01535054
1795,0.03236573,-0.97577101,0.97587311,0.02912385
1796,-0.01169706,0.92505425,-0.92506039,-0.01119888
1797,-0.01865277,0.97039336,-0.97031629,-0.02230422
1798,0.00436144,-0.85724318,0.85719156,0.01036537
1799,0.00570531,0.91675925,-0.91676521,-0.00466417
1800,0.00195031,1.11296642,-1.11285520,-0.01585513
1801,0.00726870,1.11928165,-1.11921120,-0.01451439
1802,-0.00197035,1.10855579,-1.10821784,-0.02744301
1803,-0.00032833,1.10036457,-1.10000813,-0.02800483
1804,0.00003441,0.95277393,-0.95242321,-0.02585132
1805,-0.01076170,-0.84544450,0.84539223,0.01428564
1806,0.01793601,0.91310447,-0.91319776,-0.01230353
1807,0.01986158,0.96015781,-0.96024114,-0.01531247
1808,-0.02811737,-0.83148003,0.83194041,0.00497665
1809,0.04052515,0.82873344,-0.82971323,0.00416817
1810,-0.04152930,-0.85644746,0.85745376,0.00009246
1811,0.04895616,0.92465746,-0.92595255,-0.00007509
1812,0.04558060,1.11874795,-1.11952043,-0.01866884
1813,0.05785751,0.99336869,-0.99505061,-0.00174285
1814,-0.06761190,-0.92450345,0.92693585,-0.00824117
1815,-0.08441939,-1.11306643,1.11623907,-0.00732637
1816,-0.08866060,-1.10819137,1.11171484,-0.00622218
1817,-0.09730282,-1.10637248,1.11060321,-0.00939933
1818,-0.08616766,-0.97917736,0.98295659,-0.00309465
1819,0.10666121,0.91809446,-0.92395008,0.02429842
1820,0.12440192,1.10654593,-1.11337280,0.01790687
1821,0.10709423,0.95469600,-0.96064079,0.00909705
1822,-0.10455313,-0.82763314,0.83407605,-0.01500343
1823,0.11439086,0.83444589,-0.84203213,0.01915825
1824,-0.11025070,-0.90465653,0.91134876,-0.00145325
1825,-0.10865720,-0.95685691,0.96294254,0.01109507
1826,0.12419317,0.90291274,-0.91138285,0.00752773
1827,0.14563547,1.08876061,-1.09845734,-0.00091774
1828,0.13343059,0.94358164,-0.95296717,0.00188034
1829,-0.12903367,-0.83694369,0.84679359,-0.00806154
1830,0.13815242,0.82050526,-0.83192056,0.01493938
1831,-0.13767976,-0.82289708,0.83428502,-0.00916229
1832,0.15574920,0.84902084,-0.86299670,0.01819272
1833,-0.16052099,-0.91029781,0.92431378,-0.00728247
1834,-0.19086036,-1.10251284,1.11891079,0.00091601
1835,-0.16828780,-0.94868422,0.96349382,0.00150628
1836,0.17575456,0.85144919,-0.86919701,0.01876013
1837,-0.17843187,-0.88782907,0.90553737,-0.00896911
1838,-0.23095067,-1.09564853,1.11962223,-0.01516440
1839,-0.24407829,-1.10004175,1.12662148,-0.01975318
1840,-0.21597445,-0.96157634,0.98544943,-0.01278518
1841,0.22290149,0.89924824,-0.92608231,0.02653394
1842,0.23571250,0.95562398,-0.98406827,0.01967985
1843,-0.23280178,-0.88383067,0.91360325,-0.02612415
1844,-0.28086650,-1.07598746,1.11184525,-0.02085713
1845,-0.28627303,-1.07530844,1.11262071,-0.01776431
1846,-0.28838024,-1.06074846,1.09914541,-0.01516297
1847,-0.25044879,-0.91385138,0.94751376,-0.00815486
1848,0.24543326,0.82014048,-0.85580087,0.02174427
1849,-0.25603858,-0.86764276,0.90454274,-0.01273400
1850,-0.26290005,-0.91812557,0.95502371,0.00088791
1851,0.25327733,0.79732728,-0.83638781,0.01831981
1852,-0.25944185,-0.81485009,0.85505605,-0.01303565
1853,0.28945464,0.88262212,-0.92874092,0.01568818
1854,0.33853361,1.05964804,-1.11240947,0.00207149
1855,0.30056584,0.91305745,-0.96124727,0.00416821
1856,-0.27055243,-0.80391020,0.84820735,-0.00380678
1857,0.29924113,0.85820287,-0.90884084,0.00811731
1858,0.30267736,0.90587378,-0.95504564,-0.01042190
1859,-0.28535637,-0.80490589,0.85398990,-0.00174992
1860,0.32887438,0.91997731,-0.97699243,-0.00155279
1861,0.37583512,1.06389594,-1.12825668,-0.01278776
1862,-0.36069974,-0.98101622,1.04521978,0.00355553
1863,-0.42575479,-1.17950380,1.25384974,0.01889678
1864,-0.37520605,-1.02198792,1.08858705,0.01473701
1865,0.37062085,0.95696908,-1.02623069,-0.00041932
1866,0.37958810,1.00025904,-1.06977093,-0.01397821
1867,-0.33922154,-0.86192286,0.92625999,0.00497197
1868,0.35570225,0.86865443,-0.93865705,0.00274354
1869,-0.37357536,-0.93752974,1.00913763,0.01271745
1870,-0.43480617,-1.13054419,1.21075487,0.03548143
1871,-0.43792963,-1.13121617,1.21251643,0.03516038
1872,-0.43763149,-1.12057424,1.20253527,0.03341794
1873,-0.37714249,-0.96041226,1.03141165,0.02860598
1874,0.35794777,0.85866803,-0.93024629,-0.00889887
1875,-0.37256798,-0.90940225,0.98256236,0.01975972
1876,-0.39044470,-0.95488834,1.03132820,0.02491999
1877,0.36354375,0.82901663,-0.90522379,-0.00159394
1878,-0.36958891,-0.84582514,0.92301840,0.00728289
1879,0.39929375,0.90287489,-0.98719776,-0.00768810
1880,0.48454857,1.09291697,-1.19544089,-0.01325623
1881,0.48688310,1.10125053,-1.20393372,-0.01874771
1882,0.41354445,0.96691006,-1.05114555,-0.03204603
1883,-0.39663917,-0.90428525,0.98718816,0.02267320
1884,-0.48212892,-1.09075344,1.19224966,0.02706025
1885,-0.41848257,-0.94505900,1.03328049,0.02440660
1886,0.42103121,0.89225489,-0.98660189,-0.00165569
1887,0.44438279,0.95274216,-1.05122638,-0.01079636
1888,-0.42133692,-0.87747353,0.97338569,0.00222158
1889,-0.50429130,-1.06797051,1.18094957,0.01512853
1890,-0.43814251,-0.92913783,1.02713108,0.01636445
1891,0.43593559,0.87379420,-0.97649574,0.00349188
1892,0.45256332,0.90824360,-1.01475036,-0.00131932
1893,-0.41328084,-0.77608454,0.87905717,-0.01915117
1894,0.42973942,0.77667201,-0.88717359,0.02860752
1895,-0.46588942,-0.84338641,0.96320766,-0.02417949
1896,-0.48397672,-0.89118892,1.01405799,-0.01172464
1897,0.48253244,0.83997995,-0.96827477,0.02911778
1898,0.49778381,0.87148875,-1.00341988,0.02073541
1899,-0.44260365,-0.75043356,0.87088764,-0.02456203
1900,0.44811392,0.74279338,-0.86706161,0.02742657
1901,-0.45777151,-0.74896336,0.87737119,-0.02684605
1902,0.46481931,0.74616063,-0.87864208,0.02829816
1903,-0.44924951,-0.73313236,0.85969520,-0.01524269
1904,0.47443762,0.75527853,-0.89169914,0.02023480
1905,-0.49744332,-0.80320209,0.94472212,-0.00914705
1906,-0.60279065,-0.97924525,1.14990282,-0.00125745
1907,-0.53309184,-0.86156166,1.01314950,0.00187692
1908,0.53279942,0.80949092,-0.96887988,0.02055428
1909,0.63265914,0.97748691,-1.16433632,0.00769268
1910,0.54286110,0.82777643,-0.98988342,0.00655240
1911,-0.49634090,-0.73716325,0.88861221,-0.01150061
1912,0.54204237,0.78083187,-0.95032132,0.01994211
1913,0.57152301,0.83698392,-1.01347923,0.00635307
1914,-0.54643029,-0.77713013,0.94991565,-0.01332368
1915,-0.56574649,-0.81428725,0.99152881,-0.00184453
1916,0.53067291,0.71782261,-0.89238977,0.02288306
1917,-0.55600250,-0.75470227,0.93726742,-0.01562712
1918,-0.68344879,-0.91712689,1.14364254,-0.01748302
1919,-0.60806835,-0.80785960,1.01104903,-0.01281432
1920,0.59096396,0.74279666,-0.94869661,0.03098553
1921,0.70743912,0.89428091,-1.14000356,0.02449759
1922,0.70645559,0.87739992,-1.12619328,0.02447124
1923,0.70481610,0.86669010,-1.11691844,0.02026760
1924,0.71121794,0.86111224,-1.11667264,0.01968398
1925,0.71543139,0.86312735,-1.12101400,0.01259036
1926,0.62137240,0.74429739,-0.96955311,0.00700911
1927,-0.55513638,-0.63763505,0.84524494,-0.01777139
1928,0.55986279,0.63583785,-0.84704125,0.01603818
1929,-0.57001203,-0.64566982,0.86121148,-0.01086154
1930,0.62533754,0.69558561,-0.93525749,0.01341452
1931,0.74756259,0.84034324,-1.12473285,0.00167728
1932,0.75529277,0.83835441,-1.12840772,0.00121343
1933,0.75056416,0.82776642,-1.11737943,-0.00267374
1934,0.64057982,0.70680559,-0.95385766,-0.00849740
1935,-0.58967489,-0.62823051,0.86161733,-0.00237162
1936,0.63368160,0.67229068,-0.92386371,-0.00170406
1937,0.67750812,0.72739589,-0.99394369,-0.01406963
1938,-0.63392764,-0.66305733,0.91731960,0.00583256
1939,-0.76561534,-0.80429423,1.11031377,0.01610262
1940,-0.77139086,-0.80094194,1.11190259,0.01498350
1941,-0.76867604,-0.79519212,1.10583043,0.01823537
1942,-0.68191576,-0.69989866,0.97703171,0.01662798
1943,0.65833211,0.64792955,-0.92369550,-0.00072343
1944,0.79460049,0.78198779,-1.11482596,-0.00761628
1945,0.79398727,0.77687353,-1.11078417,-0.01034513
1946,0.68888426,0.67100823,-0.96160150,-0.01166807
1947,-0.66878152,-0.63975424,0.92547137,0.00754069
1948,-0.69491976,-0.67629594,0.96944779,0.02146077
1949,0.67371905,0.63012046,-0.92245013,-0.00590287
1950,0.70545715,0.68187416,-0.98074180,-0.02770646
1951,-0.66677326,-0.62879425,0.91632628,0.01774649
1952,-0.79990172,-0.76171893,1.10411298,0.03151156
1953,-0.68961668,-0.65144449,0.94830948,0.02569652
1954,0.63502789,0.57056457,-0.85368752,-0.00469433
1955,-0.67001057,-0.60597897,0.90330899,0.01254917
1956,-0.69847834,-0.64215487,0.94847447,0.02512011
1957,0.62422574,0.54161996,-0.82644373,-0.00081934
1958,-0.64205456,-0.56183773,0.85312140,0.00891778
1959,0.70393640,0.60238451,-0.92648780,-0.00373508
1960,0.84398609,0.72496140,-1.11253560,-0.01209321
1961,0.74270362,0.64662832,-0.98452252,-0.02127039
1962,-0.69622910,-0.60121477,0.91968787,0.01919540
1963,-0.83550310,-0.72896630,1.10832596,0.03272384
1964,-0.71740395,-0.61875844,0.94707036,0.02425339
1965,0.66200960,0.54626656,-0.85827231,-0.00569941
1966,-0.69216645,-0.56794947,0.89532471,0.00740253
1967,-0.84387946,-0.69409609,1.09255636,0.01491560
1968,-0.85107076,-0.70095873,1.10240066,0.01943083
1969,-0.85401076,-0.69380051,1.10021222,0.01505683
1970,-0.74718809,-0.60021210,0.95834607,0.01083649
1971,0.72931808,0.56717414,-0.92389977,0.00076965
1972,0.75417304,0.58874911,-0.95675170,-0.00536433
1973,-0.68727869,-0.51075172,0.85619766,-0.01204048
1974,0.73962939,0.53490156,-0.91256928,0.01971462
1975,0.89352846,0.65109318,-1.10550630,0.01309371
1976,0.89997274,0.64507717,-1.10717845,0.01520964
1977,0.90508533,0.63966042,-1.10819554,0.01573663
1978,0.90251857,0.63142228,-1.10138094,0.01392614
1979,0.77185047,0.54261726,-0.94348878,0.00393972
1980,-0.69690371,-0.46998164,0.84042776,-0.01544923
1981,0.75419736,0.50325567,-0.90655178,0.01561551
1982,0.83270788,0.56743699,-1.00766337,0.00127813
1983,-0.76802790,-0.51303750,0.92360681,-0.00498023
1984,0.84872311,0.55548400,-1.01429939,0.00950094
1985,1.02119052,0.67690760,-1.22516346,-0.00289198
1986,0.88243645,0.57932037,-1.05560327,-0.00281669
1987,-0.78957772,-0.49948880,0.93426138,-0.00881882
1988,0.85773575,0.54011142,-1.01360595,0.00581905
1989,0.88637918,0.56670284,-1.05203140,-0.00709013
1990,-0.79582238,-0.49014369,0.93463683,-0.00529727
1991,0.86269975,0.52464235,-1.00968611,0.00585879
1992,0.89535213,0.55064249,-1.05111229,-0.00505075
1993,-0.78364128,-0.46682057,0.91213858,-0.00427875
1994,0.81408149,0.46497607,-0.93736875,0.01646606
1995,-0.87395847,-0.50166267,1.00766456,-0.00899804
1996,-1.03937161,-0.60806286,1.20415664,0.00637807
1997,-1.04036486,-0.59370577,1.19784987,-0.00115668
1998,-0.90895402,-0.49660996,1.03566504,-0.01471868
1999,0.79311943,0.40611821,-0.89052123,0.03069936
2000,-0.81514245,-0.41760188,0.91556376,-0.02432096
2001,0.88884771,0.44462916,-0.99344122,0.02863529
2002,1.05697620,0.53552985,-1.18475544,0.01858561
2003,1.06802011,0.52906483,-1.19170356,0.02047544
